aX,aY,aZ,gX,gY,gZ
0.297,1.879,-0.551,57.678,16.541,-3.113
0.205,1.860,-0.693,55.847,-2.441,13.062
0.442,1.904,-0.781,45.105,-6.653,9.583
0.676,1.978,-0.916,26.428,3.540,15.137
0.771,1.914,-0.994,6.653,13.062,24.109
0.939,1.807,-0.954,-9.216,23.315,37.415
1.211,1.719,-0.942,-10.071,34.485,57.068
1.368,1.596,-0.966,-1.343,31.738,73.975
1.438,1.323,-0.952,0.671,16.174,72.021
1.487,0.992,-0.863,-6.165,10.620,49.194
1.551,0.699,-0.688,-11.536,2.808,43.213
1.609,0.467,-0.480,2.441,-16.357,55.237
1.613,0.210,-0.379,39.124,-37.781,73.425
1.582,-0.055,-0.357,76.721,-57.068,89.722
1.518,-0.300,-0.403,101.563,-73.364,99.121
1.439,-0.508,-0.457,111.633,-89.783,105.286
1.265,-0.714,-0.586,113.525,-106.567,112.793
1.019,-0.906,-0.677,104.919,-125.610,118.408
0.722,-1.061,-0.646,89.844,-146.545,116.394
0.424,-1.199,-0.552,85.571,-165.833,101.685
0.115,-1.373,-0.519,91.553,-178.284,75.806
-0.117,-1.557,-0.473,85.083,-181.030,44.556
-0.327,-1.681,-0.369,58.289,-172.180,18.921
-0.420,-1.657,-0.333,24.414,-155.151,5.310
-0.523,-1.606,-0.258,-20.935,-135.864,0.977
-0.515,-1.429,-0.185,-67.688,-122.864,2.014
-0.583,-1.202,-0.221,-92.346,-112.976,2.197
-0.725,-1.002,-0.313,-102.295,-113.770,-2.930
-0.932,-0.840,-0.412,-112.061,-118.347,-13.123
-1.224,-0.666,-0.488,-126.648,-118.225,-22.339
-1.472,-0.425,-0.502,-146.057,-110.535,-22.705
-1.657,-0.094,-0.650,-156.738,-96.863,-13.672
-1.810,0.203,-0.834,-161.377,-83.252,-8.240
-2.005,0.429,-0.928,-168.640,-73.059,-13.855
-2.119,0.654,-0.895,-175.903,-62.317,-23.315
-2.191,0.913,-0.846,-179.260,-41.687,-28.015
-2.061,1.226,-0.823,-181.152,-10.864,-21.667
-1.883,1.582,-0.890,-175.720,28.137,-5.615
-1.594,1.931,-0.937,-177.063,62.500,7.874
-1.324,2.238,-0.978,-183.899,90.210,12.695
-1.145,2.464,-0.877,-185.608,108.459,11.536
-0.840,2.662,-1.012,-164.246,124.146,10.620
-0.578,2.709,-1.017,-157.776,130.554,9.766
-0.353,2.747,-0.948,-142.029,125.916,7.874
-0.199,2.685,-0.939,-108.337,121.521,3.845
-0.085,2.524,-0.988,-72.449,117.493,-0.793
0.003,2.307,-0.999,-49.133,112.610,-2.869
0.078,2.100,-0.961,-36.560,106.934,-2.197
0.140,1.917,-0.920,-26.489,101.685,1.831
0.191,1.748,-0.877,-15.625,96.008,6.714
0.246,1.600,-0.864,-1.587,92.041,9.888
0.307,1.479,-0.885,13.184,89.050,12.024
0.316,1.399,-0.927,28.931,82.642,14.038
0.360,1.354,-0.871,40.894,70.313,17.761
0.345,1.269,-0.937,51.758,63.904,13.000
0.323,1.161,-1.017,62.378,64.087,1.770
0.372,1.079,-0.986,68.237,54.688,-5.493
0.346,0.989,-0.961,74.890,46.082,-17.761
0.330,0.911,-1.081,84.412,43.823,-17.456
0.739,0.504,-0.928,70.984,44.250,-38.025
-0.013,0.503,-0.531,57.983,30.701,-86.853
0.127,0.513,-0.536,78.918,-5.066,-8.972
0.119,0.665,-1.050,115.662,47.791,-12.024
0.193,0.550,-1.025,102.905,53.101,-19.836
0.156,0.522,-0.753,74.219,35.400,-18.311
0.241,0.606,-0.708,73.975,26.489,-2.625
0.156,0.502,-0.733,79.590,27.222,-11.353
0.161,0.414,-0.567,70.496,22.095,-34.973
0.198,0.535,-0.454,78.735,8.545,-41.931
0.103,0.599,-0.526,99.426,4.272,-47.607
0.105,0.606,-0.490,105.957,11.658,-45.776
0.025,0.552,-0.461,105.103,24.048,-43.335
0.069,0.504,-0.302,87.769,24.841,-37.048
0.098,0.564,-0.322,95.703,33.203,-29.663
0.046,0.635,-0.338,94.666,49.194,-26.245
0.036,0.723,-0.317,87.097,60.852,-20.020
0.045,0.789,-0.391,84.595,63.354,-6.104
0.055,0.757,-0.405,70.862,52.063,0.916
0.058,0.704,-0.335,52.185,40.100,-4.456
0.055,0.733,-0.298,44.678,32.654,-13.367
-0.012,0.720,-0.244,41.199,23.071,-22.644
-0.084,0.703,-0.249,38.574,20.081,-29.541
-0.168,0.579,-0.264,31.128,21.912,-27.832
-0.166,0.630,-0.248,13.123,26.550,-12.939
-0.140,0.749,-0.138,-5.310,34.851,4.944
-0.151,0.771,-0.225,-4.456,49.927,9.460
-0.179,0.753,-0.288,-5.859,54.749,10.254
-0.057,0.854,-0.416,-76.843,43.335,12.573
-0.012,0.149,-2.063,-161.987,7.996,9.705
-0.203,0.696,0.982,-348.633,-45.532,38.269
-0.151,0.862,0.149,-228.638,-9.155,60.913
-0.132,0.642,-0.908,-7.935,60.608,49.072
-0.134,0.685,-0.482,-17.334,16.479,58.044
-0.188,0.636,-0.374,-4.517,-13.916,71.045
-0.235,0.689,-0.639,39.185,-17.151,88.257
-0.277,0.707,-0.536,61.707,-33.936,103.882
-0.275,0.779,-0.461,66.162,-45.898,115.417
-0.288,0.855,-0.507,76.477,-44.495,120.972
-0.271,0.918,-0.487,84.717,-46.326,120.483
-0.227,0.942,-0.499,100.891,-53.894,115.356
-0.231,0.937,-0.379,105.469,-66.040,106.689
-0.245,0.916,-0.338,98.083,-69.397,93.323
-0.222,0.901,-0.382,86.243,-65.857,78.918
-0.270,0.886,-0.300,62.317,-62.805,62.927
-0.306,0.957,-0.287,46.387,-55.908,51.758
-0.320,1.022,-0.210,28.992,-47.791,42.114
-0.366,1.070,-0.165,13.733,-34.241,29.968
-0.317,1.143,-0.072,6.897,-14.709,17.761
-0.375,1.249,-0.232,5.371,10.132,1.465
-0.328,1.105,-0.244,5.737,29.419,-19.348
-0.340,1.210,-0.438,12.329,38.757,-37.537
-0.318,1.137,-0.481,26.428,37.109,-54.626
-0.240,0.804,-0.472,33.875,27.039,-71.838
-0.276,0.712,-0.400,28.015,22.827,-69.031
-0.307,0.789,-0.384,13.916,23.132,-63.782
-0.269,0.773,-0.221,-2.136,20.203,-58.411
-0.178,0.777,-0.312,-0.977,33.142,-44.312
-0.178,0.849,-0.377,1.282,36.011,-32.654
-0.189,0.828,-0.399,-6.042,24.109,-27.771

-0.075,2.176,-0.652,-27.222,51.758,-27.893
0.019,2.441,-0.745,-23.071,57.861,-10.498
0.060,2.652,-0.825,-8.362,53.711,-10.376
0.161,2.706,-0.920,15.808,45.715,-27.649
0.127,2.643,-1.027,38.086,40.039,-36.804
0.212,2.501,-1.053,56.641,35.339,-43.762
0.379,2.282,-1.031,67.749,33.386,-52.246
0.608,2.092,-1.051,74.524,32.288,-46.814
0.759,1.942,-1.075,78.186,26.550,-33.752
0.824,1.783,-1.064,79.224,16.968,-17.273
0.837,1.586,-1.010,78.369,7.019,1.160
0.877,1.357,-0.942,76.355,1.892,20.874
0.854,1.152,-0.877,72.510,2.747,39.978
0.862,0.990,-0.813,77.332,5.798,57.495
0.917,0.800,-0.796,94.604,2.930,70.618
0.912,0.621,-0.703,110.168,-8.240,67.383
0.911,0.390,-0.593,124.023,-24.475,42.786
0.900,0.088,-0.497,134.399,-45.410,8.667
0.890,-0.210,-0.409,133.728,-67.627,-23.254
0.882,-0.450,-0.295,122.559,-92.346,-47.058
0.873,-0.639,-0.258,108.704,-112.488,-55.237
0.848,-0.725,-0.238,91.370,-125.916,-34.729
0.819,-0.780,-0.223,72.388,-132.141,-5.981
0.822,-0.833,-0.195,53.101,-133.606,13.062
0.796,-0.884,-0.207,40.649,-135.925,24.170
0.786,-0.951,-0.206,33.508,-144.409,26.917
0.798,-1.043,-0.206,28.564,-157.043,22.583
0.736,-1.152,-0.234,23.926,-172.180,12.207
0.606,-1.255,-0.218,13.550,-194.336,7.202
0.394,-1.344,-0.198,-0.610,-213.135,-0.977
0.159,-1.407,-0.183,-15.930,-225.342,-9.216
-0.062,-1.454,-0.193,-31.189,-231.689,-15.320
-0.334,-1.458,-0.225,-46.387,-229.919,-16.541
-0.607,-1.421,-0.249,-64.026,-222.290,-15.625
-0.897,-1.331,-0.278,-82.458,-206.848,-13.245
-1.158,-1.235,-0.337,-98.450,-182.922,-10.986
-1.384,-1.120,-0.422,-113.281,-155.029,-7.874
-1.562,-0.980,-0.557,-128.662,-127.747,-3.723
-1.703,-0.795,-0.682,-147.949,-102.905,-1.465
-1.822,-0.535,-0.745,-171.814,-82.764,-2.808
-1.915,-0.250,-0.844,-190.063,-65.186,-8.667
-1.960,0.113,-0.990,-200.562,-46.692,-17.212
-1.902,0.519,-1.126,-207.275,-26.428,-27.039
-1.817,0.936,-1.267,-208.618,-5.432,-33.936
-1.719,1.343,-1.371,-205.078,13.123,-34.851
-1.629,1.719,-1.422,-199.402,29.663,-32.288
-1.532,2.030,-1.453,-189.026,45.044,-27.527
-1.422,2.251,-1.484,-173.706,59.143,-23.132
-1.303,2.391,-1.496,-158.752,70.618,-21.912
-1.196,2.470,-1.480,-145.386,79.407,-22.461
-1.069,2.503,-1.444,-131.165,87.036,-23.010
-0.956,2.516,-1.435,-115.051,94.788,-22.827
-0.849,2.520,-1.415,-99.365,102.112,-20.813
-0.720,2.501,-1.400,-85.083,110.901,-17.761
-0.593,2.465,-1.380,-71.411,119.690,-13.855
-0.479,2.430,-1.351,-58.167,126.343,-8.728
-0.350,2.380,-1.324,-43.884,131.775,-3.784
-0.230,2.305,-1.302,-30.823,135.864,-0.061
-0.120,2.212,-1.257,-19.531,137.695,2.686
-0.008,2.113,-1.234,-9.521,138.489,5.188
0.107,2.024,-1.220,-0.183,137.695,7.690
0.221,1.962,-1.208,9.033,134.888,9.277
0.325,1.894,-1.206,20.508,131.348,9.583
0.413,1.820,-1.193,31.128,125.610,8.850
0.469,1.762,-1.156,41.016,117.737,9.033
0.505,1.699,-1.127,53.223,109.009,9.583
0.535,1.616,-1.096,67.444,100.220,9.277
0.568,1.512,-1.092,81.360,92.651,8.301
0.598,1.401,-1.073,89.417,85.327,7.935
0.623,1.308,-1.016,89.111,77.332,9.155
0.630,1.238,-0.982,91.614,70.618,13.428
0.632,1.179,-0.966,98.145,65.491,20.325
0.619,1.128,-0.956,104.614,59.692,28.687
0.602,1.058,-0.930,109.558,53.467,35.828
0.586,0.956,-0.887,112.732,46.753,39.001
0.561,0.834,-0.836,113.708,38.574,37.170
0.532,0.707,-0.749,112.488,28.503,31.433
0.482,0.567,-0.672,111.511,18.555,24.658
0.415,0.424,-0.614,110.291,10.376,19.043
0.344,0.297,-0.542,104.309,4.456,15.869
0.269,0.191,-0.472,96.375,2.014,15.076
0.206,0.106,-0.421,87.891,1.953,15.564
0.150,0.067,-0.394,79.163,3.296,16.418
0.093,0.055,-0.376,71.350,4.272,14.587
0.043,0.040,-0.352,65.308,2.991,7.751
0.006,0.017,-0.337,59.570,0.854,-2.258
-0.027,-0.013,-0.316,52.368,-1.587,-12.512
-0.060,-0.027,-0.275,41.931,-4.150,-20.447
-0.100,-0.018,-0.239,30.701,-5.615,-24.292
-0.139,0.024,-0.219,19.409,-5.859,-25.085
-0.162,0.090,-0.222,9.399,-5.432,-24.048
-0.186,0.177,-0.227,0.305,-5.127,-22.583
-0.215,0.264,-0.238,-6.897,-4.639,-20.935
-0.230,0.343,-0.267,-14.038,-3.052,-19.775
-0.241,0.425,-0.283,-23.193,-0.610,-17.944
-0.251,0.523,-0.282,-32.593,1.160,-14.099
-0.256,0.625,-0.296,-37.659,2.686,-8.789
-0.265,0.722,-0.307,-38.940,3.296,-4.517
-0.274,0.804,-0.322,-36.133,2.686,-2.014
-0.278,0.859,-0.333,-30.701,1.343,-1.831
-0.278,0.885,-0.340,-24.475,-0.732,-3.296
-0.268,0.902,-0.345,-19.165,-2.380,-4.578
-0.263,0.914,-0.338,-17.334,-3.662,-4.639
-0.255,0.933,-0.326,-17.639,-3.967,-3.723
-0.245,0.960,-0.324,-16.968,-3.784,-1.404
-0.236,0.988,-0.346,-15.625,-3.113,1.587
-0.232,1.009,-0.367,-14.954,-2.930,5.554
-0.237,1.035,-0.376,-15.503,-2.747,9.094
-0.240,1.045,-0.388,-15.808,-2.197,11.475
-0.248,1.057,-0.393,-15.320,-1.831,12.573
-0.255,1.066,-0.407,-13.062,-1.099,13.672
-0.263,1.058,-0.424,-10.071,-0.793,13.977
-0.272,1.047,-0.423,-8.057,-0.916,13.123
-0.280,1.032,-0.424,-5.554,-1.099,11.902
-0.276,1.023,-0.433,-2.991,-0.671,10.376
-0.275,1.026,-0.440,-0.671,-0.549,7.874
-0.281,1.016,-0.451,3.540,-1.038,5.249
-0.280,1.001,-0.451,7.446,-1.831,2.258
-0.279,0.977,-0.444,10.071,-2.625,-0.427

-1.122,1.511,-0.301,-55.176,4.517,-104.309
-0.973,1.887,-0.634,-56.702,15.076,-129.395
-0.640,2.345,-1.035,-45.105,27.405,-143.433
-0.360,2.818,-1.472,-20.874,42.664,-149.536
-0.046,3.317,-1.860,15.442,55.298,-150.391
0.318,3.792,-2.290,73.242,61.523,-140.137
0.620,3.998,-2.589,124.451,61.829,-119.629
0.809,3.866,-2.611,152.527,55.298,-87.646
1.001,3.474,-2.392,164.185,54.443,-39.307
1.264,2.844,-2.159,177.063,67.261,20.081
1.595,2.085,-1.881,188.293,80.078,71.655
1.840,1.291,-1.537,196.838,85.083,100.464
1.974,0.629,-1.182,196.472,75.989,113.037
2.092,0.207,-0.918,186.462,56.213,121.216
2.168,-0.153,-0.806,172.791,32.654,123.169
1.964,-0.578,-0.728,163.757,6.714,103.943
1.833,-1.126,-0.584,161.316,-21.118,52.124
1.969,-1.545,-0.320,170.349,-63.599,11.841
1.649,-2.017,-0.185,185.608,-136.902,-13.794
1.272,-2.375,0.080,158.630,-180.664,-31.799
0.964,-2.372,0.323,97.290,-182.861,0.427
0.974,-2.271,0.339,59.265,-159.851,36.377
0.979,-2.196,0.282,32.410,-147.827,36.926
0.943,-2.074,0.189,10.925,-159.424,13.855
0.793,-1.872,0.118,-15.991,-187.805,0.549
0.599,-1.679,0.005,-30.090,-220.398,2.441
0.353,-1.590,-0.156,-34.485,-243.958,-7.690
-0.004,-1.540,-0.327,-42.480,-254.456,-24.963
-0.369,-1.453,-0.474,-56.335,-254.150,-30.884
-0.705,-1.319,-0.664,-69.214,-241.333,-23.376
-1.009,-1.173,-0.867,-80.994,-222.534,-10.376
-1.288,-1.025,-0.999,-96.619,-204.529,2.075
-1.586,-0.853,-1.015,-118.469,-186.829,11.475
-1.768,-0.637,-0.977,-140.137,-167.847,19.531
-1.910,-0.421,-0.926,-158.447,-144.592,21.240
-1.971,-0.160,-0.929,-168.823,-118.896,21.545
-1.989,0.172,-0.966,-173.828,-92.102,25.696
-1.948,0.525,-1.023,-180.115,-68.237,30.090
-1.862,0.880,-1.111,-187.439,-47.302,32.104
-1.781,1.202,-1.196,-192.139,-29.663,30.212
-1.719,1.492,-1.250,-193.665,-17.029,23.987
-1.683,1.742,-1.279,-191.223,-9.888,17.395
-1.607,1.950,-1.289,-183.350,-4.883,11.047
-1.521,2.092,-1.309,-171.570,3.052,4.639
-1.462,2.158,-1.317,-160.156,12.207,0.244
-1.418,2.187,-1.301,-147.644,21.179,2.686
-1.319,2.181,-1.271,-133.301,32.837,11.475
-1.198,2.122,-1.268,-117.554,48.340,20.081
-1.081,2.035,-1.243,-102.905,60.486,25.757
-1.000,1.925,-1.199,-89.233,68.115,28.687
-0.922,1.787,-1.133,-75.317,73.364,28.625
-0.823,1.658,-1.110,-60.181,77.942,26.611
-0.738,1.526,-1.104,-47.791,82.031,22.827
-0.638,1.416,-1.058,-42.114,83.618,17.822
-0.542,1.335,-1.007,-39.001,85.144,12.329
-0.445,1.278,-0.988,-35.278,86.609,7.263
-0.355,1.241,-0.996,-31.860,87.158,2.747
-0.282,1.214,-0.998,-29.602,85.571,-0.488
-0.223,1.197,-0.971,-29.053,81.909,-3.662
-0.174,1.187,-0.939,-26.489,77.332,-6.897
-0.150,1.178,-0.924,-19.836,73.730,-8.789
-0.140,1.159,-0.925,-12.146,71.167,-9.216
-0.137,1.128,-0.926,-6.653,69.092,-9.644
-0.141,1.100,-0.911,-3.601,67.322,-9.644
-0.141,1.069,-0.896,-0.732,66.101,-10.559
-0.141,1.033,-0.885,2.075,65.430,-12.451
-0.134,1.004,-0.871,4.517,64.087,-14.526
-0.129,0.984,-0.852,6.836,62.439,-16.235
-0.120,0.967,-0.821,8.789,60.242,-18.494
-0.107,0.954,-0.797,11.841,58.655,-20.081
-0.102,0.939,-0.776,15.320,56.396,-21.545
-0.116,0.930,-0.741,18.494,52.490,-22.095
-0.137,0.918,-0.708,21.729,48.828,-22.705
-0.152,0.898,-0.708,25.574,46.814,-23.926
-0.168,0.881,-0.708,26.978,45.532,-25.452
-0.177,0.873,-0.723,28.198,43.945,-25.146
-0.180,0.877,-0.741,28.259,42.542,-24.109
-0.181,0.886,-0.760,27.405,41.199,-22.522
-0.186,0.897,-0.769,26.611,39.612,-21.057
-0.188,0.910,-0.770,26.062,38.025,-20.447
-0.196,0.923,-0.765,27.405,36.011,-20.447
-0.205,0.936,-0.763,31.067,33.936,-20.447
-0.199,0.930,-0.769,35.950,32.288,-21.667
-0.188,0.919,-0.755,39.307,30.579,-22.400
-0.183,0.905,-0.730,41.321,28.503,-22.339
-0.186,0.886,-0.714,43.030,26.978,-21.973
-0.189,0.866,-0.699,42.908,25.940,-21.362
-0.181,0.850,-0.677,42.297,25.146,-20.264
-0.172,0.834,-0.672,41.992,24.841,-18.982
-0.169,0.820,-0.660,40.771,24.597,-16.846
-0.161,0.830,-0.633,38.452,23.254,-14.648
-0.156,0.849,-0.620,38.574,22.705,-12.207
-0.148,0.876,-0.624,41.260,22.217,-11.292
-0.151,0.884,-0.629,46.204,21.606,-12.756
-0.143,0.868,-0.622,50.659,20.142,-16.174
-0.132,0.842,-0.614,53.772,18.860,-18.677
-0.120,0.804,-0.609,54.077,17.944,-19.653
-0.122,0.770,-0.579,51.392,16.357,-18.738
-0.109,0.744,-0.532,47.607,13.550,-16.296
-0.107,0.720,-0.498,46.570,11.292,-12.329
-0.094,0.706,-0.473,46.997,8.972,-8.179
-0.105,0.699,-0.484,48.523,7.263,-5.554
-0.113,0.687,-0.493,48.767,5.310,-4.456
-0.113,0.659,-0.480,46.814,2.930,-6.165
-0.111,0.609,-0.465,45.105,-0.244,-10.864
-0.117,0.556,-0.438,42.542,-3.845,-14.954
-0.131,0.504,-0.392,37.781,-7.385,-17.883
-0.157,0.456,-0.341,32.776,-10.193,-20.447
-0.179,0.400,-0.302,28.748,-11.169,-21.484
-0.193,0.344,-0.268,23.437,-10.315,-20.874
-0.201,0.300,-0.240,17.151,-8.911,-18.555
-0.205,0.283,-0.219,11.414,-7.202,-14.893
-0.205,0.301,-0.221,6.042,-5.920,-12.451
-0.210,0.334,-0.235,1.892,-5.615,-13.672
-0.208,0.373,-0.242,0.000,-8.118,-19.043
-0.225,0.410,-0.248,1.343,-12.024,-26.367
-0.255,0.444,-0.248,4.761,-16.541,-33.203
-0.267,0.477,-0.249,9.094,-19.897,-38.574
-0.273,0.500,-0.272,10.376,-20.813,-40.955

-0.724,1.508,-0.527,1.404,19.470,-44.556
-0.729,1.669,-0.563,8.179,21.606,-54.626
-0.712,1.835,-0.625,16.663,26.184,-64.087
-0.682,1.997,-0.717,27.832,32.166,-71.045
-0.592,2.156,-0.831,41.138,38.696,-71.045
-0.503,2.310,-0.945,56.213,43.579,-66.833
-0.470,2.386,-1.026,69.763,44.617,-64.209
-0.436,2.403,-1.073,83.252,45.654,-62.622
-0.376,2.366,-1.111,98.816,49.927,-58.472
-0.299,2.266,-1.153,114.319,56.885,-51.819
-0.194,2.125,-1.171,127.563,63.232,-44.006
-0.078,1.963,-1.163,138.672,68.726,-37.048
0.061,1.781,-1.126,148.132,74.341,-30.945
0.230,1.603,-1.080,155.884,80.750,-25.757
0.422,1.418,-1.049,159.546,86.426,-21.484
0.600,1.231,-1.010,158.875,88.318,-15.869
0.726,1.045,-0.909,152.283,84.351,-7.874
0.845,0.872,-0.825,146.851,76.233,1.282
0.951,0.663,-0.796,145.508,66.711,8.118
1.031,0.465,-0.701,138.855,50.720,9.155
1.110,0.265,-0.577,129.211,28.809,2.930
1.172,0.065,-0.444,120.605,6.958,-6.348
1.236,-0.121,-0.291,110.779,-13.489,-16.785
1.317,-0.320,-0.142,100.952,-31.372,-25.391
1.362,-0.514,-0.020,91.980,-47.424,-28.625
1.389,-0.706,0.089,83.130,-64.148,-26.001
1.396,-0.877,0.140,72.205,-80.200,-19.775
1.388,-1.016,0.146,57.312,-94.482,-12.268
1.355,-1.125,0.162,38.513,-110.413,-5.859
1.299,-1.178,0.173,21.179,-127.747,-1.099
1.217,-1.197,0.140,9.460,-145.386,-0.793
1.099,-1.244,0.133,2.625,-164.246,-10.010
0.936,-1.339,0.118,-0.793,-184.387,-26.428
0.738,-1.466,0.071,-4.272,-201.599,-41.382
0.554,-1.597,0.012,-13.611,-213.013,-50.171
0.361,-1.693,-0.085,-30.701,-219.604,-52.917
0.130,-1.709,-0.241,-53.650,-221.741,-49.255
-0.154,-1.645,-0.409,-81.116,-221.191,-38.635
-0.499,-1.517,-0.570,-108.826,-216.980,-24.414
-0.866,-1.332,-0.755,-129.395,-208.008,-11.353
-1.228,-1.146,-0.971,-143.188,-194.214,-1.770
-1.572,-0.962,-1.189,-154.175,-178.528,6.409
-1.873,-0.745,-1.373,-167.969,-162.781,17.761
-2.144,-0.494,-1.496,-183.899,-148.315,31.738
-2.349,-0.192,-1.529,-202.026,-135.193,40.833
-2.497,0.159,-1.483,-220.215,-117.188,42.236
-2.516,0.503,-1.411,-233.826,-91.553,38.269
-2.439,0.797,-1.353,-239.014,-63.416,30.334
-2.301,1.063,-1.337,-236.694,-39.734,23.376
-2.160,1.351,-1.331,-231.079,-21.057,20.142
-2.037,1.645,-1.327,-222.961,-5.371,15.503
-1.910,1.898,-1.317,-212.891,8.850,6.958
-1.759,2.096,-1.310,-201.660,22.278,-0.366
-1.613,2.235,-1.309,-189.392,33.752,-2.869
-1.451,2.310,-1.310,-178.223,43.213,-2.808
-1.316,2.354,-1.317,-167.664,51.453,-1.038
-1.237,2.381,-1.309,-157.166,57.251,3.723
-1.182,2.361,-1.312,-143.372,62.988,9.827
-1.100,2.321,-1.311,-128.662,70.496,14.893
-0.990,2.271,-1.312,-114.075,79.651,16.174
-0.886,2.191,-1.317,-98.206,88.318,11.719
-0.769,2.101,-1.316,-83.191,93.384,3.174
-0.642,2.019,-1.294,-69.946,95.703,-5.554
-0.509,1.962,-1.250,-58.838,97.107,-13.611
-0.355,1.937,-1.234,-46.082,98.511,-19.348
-0.201,1.926,-1.271,-31.799,99.426,-22.461
-0.081,1.917,-1.268,-20.630,96.130,-23.499
-0.003,1.910,-1.236,-9.216,89.355,-22.156
0.061,1.844,-1.220,3.540,83.801,-19.531
0.113,1.751,-1.192,13.489,81.421,-19.104
0.149,1.653,-1.158,20.569,77.881,-17.639
0.150,1.553,-1.134,26.917,75.073,-14.832
0.142,1.455,-1.124,32.471,72.815,-10.925
0.147,1.379,-1.133,39.063,71.228,-6.531
0.135,1.318,-1.124,46.631,68.726,-4.089
0.114,1.228,-1.107,55.664,64.636,-5.188
0.094,1.125,-1.095,64.148,61.279,-8.972
0.074,1.021,-1.068,69.580,57.800,-13.367
0.050,0.930,-1.016,71.899,54.382,-16.846
0.026,0.859,-0.968,73.975,52.307,-18.433
0.016,0.812,-0.929,76.233,51.880,-18.127
0.011,0.774,-0.903,78.735,51.514,-16.846
0.006,0.752,-0.868,79.895,49.744,-15.381
0.003,0.761,-0.822,80.566,46.814,-15.259
0.004,0.765,-0.788,84.534,43.030,-17.639
-0.004,0.733,-0.764,90.881,39.490,-21.973
-0.013,0.673,-0.729,94.482,35.156,-26.978
-0.008,0.604,-0.690,94.299,31.738,-30.518
-0.002,0.545,-0.640,90.576,29.114,-30.762
-0.010,0.500,-0.582,84.412,26.917,-28.625
-0.020,0.474,-0.530,78.003,25.574,-26.123
-0.037,0.458,-0.493,74.036,25.513,-23.376
-0.049,0.432,-0.470,72.571,25.879,-21.240
-0.037,0.402,-0.458,71.350,25.635,-18.799
-0.038,0.364,-0.435,67.139,24.231,-16.907
-0.054,0.336,-0.380,60.120,20.813,-16.052
-0.069,0.314,-0.328,53.955,17.456,-16.113
-0.078,0.302,-0.305,50.903,15.686,-15.930
-0.088,0.297,-0.299,48.645,13.733,-16.785
-0.086,0.295,-0.301,46.326,11.047,-19.348
-0.084,0.288,-0.299,42.053,7.385,-22.827
-0.082,0.268,-0.280,35.461,3.845,-26.672
-0.081,0.258,-0.256,26.978,1.038,-29.236
-0.098,0.273,-0.225,19.592,-0.916,-27.588
-0.111,0.298,-0.229,15.564,-2.991,-21.851
-0.136,0.332,-0.237,11.292,-3.174,-17.029
-0.154,0.382,-0.243,5.188,-3.235,-13.977
-0.178,0.432,-0.253,0.183,-2.258,-11.230
-0.188,0.478,-0.260,-4.517,-0.854,-9.399
-0.195,0.518,-0.268,-8.179,0.366,-6.958
-0.214,0.576,-0.250,-11.169,0.977,-4.272
-0.219,0.649,-0.254,-11.353,1.770,-2.258
-0.224,0.731,-0.299,-8.301,2.563,-1.160
-0.226,0.789,-0.326,-5.127,2.014,-1.770
-0.234,0.824,-0.331,-4.272,0.244,-4.578
-0.230,0.844,-0.342,-4.639,-1.892,-7.263
-0.240,0.862,-0.341,-7.874,-3.723,-8.850
-0.257,0.893,-0.334,-12.390,-5.371,-8.423
-0.273,0.932,-0.341,-15.747,-5.676,-5.615

-0.426,1.633,-0.721,-10.742,16.785,-52.429
-0.361,1.751,-0.819,-3.174,22.949,-55.542
-0.291,1.855,-0.924,6.958,26.001,-57.678
-0.218,1.938,-1.015,19.165,26.184,-60.608
-0.125,1.996,-1.099,32.715,25.879,-63.416
-0.013,2.018,-1.184,45.898,26.794,-63.477
0.078,2.020,-1.228,54.016,27.710,-57.861
0.155,2.044,-1.227,58.533,27.527,-46.875
0.219,2.070,-1.237,67.078,28.381,-35.095
0.297,2.017,-1.240,79.529,28.870,-28.137
0.387,1.917,-1.193,92.651,26.672,-25.024
0.460,1.756,-1.125,107.422,22.949,-24.597
0.529,1.566,-1.064,120.361,19.104,-25.513
0.577,1.378,-0.972,127.502,13.855,-26.978
0.629,1.176,-0.853,130.737,7.141,-27.100
0.685,0.976,-0.717,130.371,1.648,-25.330
0.733,0.797,-0.569,125.427,-1.343,-21.240
0.787,0.660,-0.439,118.103,-1.953,-13.000
0.870,0.522,-0.326,107.544,-0.610,-4.883
0.955,0.412,-0.235,95.825,2.197,2.319
1.040,0.357,-0.193,90.454,3.418,16.907
1.200,0.293,-0.185,92.407,-1.526,32.898
1.291,0.204,-0.158,97.473,-15.015,45.959
1.306,0.095,-0.068,100.403,-38.574,53.284
1.301,-0.046,0.047,100.952,-63.110,49.011
1.295,-0.252,0.085,103.516,-83.862,38.147
1.258,-0.508,0.076,104.187,-104.797,29.053
1.189,-0.758,0.078,98.938,-125.854,27.832
1.080,-0.989,0.080,87.402,-143.433,33.813
0.927,-1.207,0.083,70.679,-157.043,42.053
0.744,-1.375,0.052,52.185,-165.710,51.880
0.575,-1.460,0.015,34.790,-171.326,61.401
0.404,-1.509,-0.058,22.888,-176.208,65.491
0.204,-1.544,-0.177,18.494,-181.824,63.782
0.009,-1.603,-0.238,15.564,-192.017,56.152
-0.199,-1.626,-0.318,10.559,-203.003,48.767
-0.391,-1.609,-0.400,2.991,-209.412,40.649
-0.628,-1.556,-0.443,-9.888,-212.097,32.654
-0.854,-1.519,-0.519,-26.550,-207.642,26.001
-1.105,-1.447,-0.639,-47.546,-193.665,24.963
-1.331,-1.303,-0.761,-75.317,-174.072,29.175
-1.531,-1.091,-0.888,-102.356,-152.588,35.217
-1.701,-0.834,-0.982,-128.479,-131.836,38.086
-1.812,-0.493,-1.027,-151.917,-114.075,35.522
-1.872,-0.091,-1.070,-165.405,-99.670,25.208
-1.892,0.295,-1.120,-166.626,-90.027,6.226
-1.903,0.645,-1.152,-163.208,-84.656,-19.287
-1.897,0.943,-1.137,-157.593,-78.064,-46.387
-1.864,1.209,-1.116,-154.663,-64.941,-65.857
-1.791,1.470,-1.131,-160.889,-46.021,-71.289
-1.713,1.745,-1.175,-169.678,-22.400,-61.829
-1.621,1.994,-1.214,-176.819,0.366,-44.678
-1.526,2.187,-1.254,-177.246,20.264,-28.870
-1.435,2.325,-1.250,-169.922,35.278,-18.250
-1.340,2.399,-1.226,-154.663,45.349,-15.076
-1.267,2.399,-1.228,-133.728,54.504,-16.541
-1.218,2.358,-1.205,-115.356,62.073,-17.578
-1.174,2.299,-1.165,-100.037,70.190,-16.907
-1.112,2.216,-1.138,-85.449,80.505,-16.418
-1.019,2.114,-1.117,-72.449,91.736,-17.822
-0.906,2.043,-1.076,-62.256,101.379,-20.325
-0.745,2.012,-1.057,-53.589,109.070,-23.437
-0.604,2.001,-1.065,-45.532,114.441,-25.879
-0.499,2.007,-1.034,-39.063,114.929,-27.466
-0.399,2.000,-1.011,-30.762,113.403,-30.640
-0.301,1.969,-1.029,-18.982,113.892,-35.828
-0.207,1.927,-1.041,-8.179,113.770,-40.466
-0.123,1.894,-1.048,0.793,112.061,-42.908
-0.052,1.873,-1.069,9.827,110.107,-43.213
0.007,1.841,-1.087,18.677,108.154,-43.396
0.061,1.793,-1.090,26.855,104.919,-43.945
-0.101,1.802,-1.128,35.522,101.257,-42.847
0.179,1.639,-1.014,44.617,92.529,-50.476
0.180,1.575,-1.059,56.763,88.013,-50.720
0.255,1.459,-1.045,67.200,87.097,-48.889
0.291,1.322,-1.007,70.007,82.886,-46.753
0.336,1.197,-0.960,69.519,78.796,-39.795
0.378,1.088,-0.895,67.993,74.524,-29.785
0.404,0.986,-0.823,65.674,70.190,-19.897
0.433,0.907,-0.796,63.538,67.444,-10.498
0.463,0.864,-0.748,64.148,62.439,-4.089
0.436,0.793,-0.713,64.331,53.711,-6.042
0.417,0.686,-0.685,67.627,46.204,-14.343
0.397,0.569,-0.649,71.228,34.241,-22.705
0.354,0.461,-0.600,70.007,25.024,-28.259
0.345,0.377,-0.558,65.613,18.921,-28.503
0.332,0.320,-0.529,58.899,15.137,-22.949
0.291,0.299,-0.487,48.950,12.695,-14.099
0.258,0.305,-0.467,40.283,10.864,-5.676
0.226,0.314,-0.465,33.691,9.949,-0.732
0.183,0.334,-0.452,28.442,7.690,0.854
0.134,0.353,-0.443,26.062,5.676,0.122
0.097,0.368,-0.426,25.452,4.395,-2.441
0.059,0.365,-0.411,26.917,3.235,-6.714
0.033,0.340,-0.393,28.809,2.258,-11.292
0.011,0.310,-0.368,28.015,0.916,-13.367
-0.013,0.297,-0.322,24.231,-0.793,-13.123
-0.033,0.296,-0.298,19.836,-1.892,-11.230
-0.050,0.305,-0.307,15.137,-1.892,-8.667
-0.073,0.333,-0.320,8.484,-1.770,-5.554
-0.098,0.380,-0.310,0.183,-2.319,-2.991
-0.127,0.454,-0.310,-6.042,-2.502,-0.366
-0.141,0.538,-0.331,-8.667,-2.869,1.770
-0.163,0.610,-0.344,-8.789,-4.517,1.221
-0.187,0.677,-0.355,-6.348,-6.714,-1.099
-0.205,0.713,-0.376,-1.648,-8.606,-4.089
-0.215,0.718,-0.376,1.770,-9.216,-6.958
-0.215,0.724,-0.374,2.869,-8.606,-6.531
-0.216,0.735,-0.367,1.099,-7.019,-3.113
-0.220,0.751,-0.358,-2.502,-5.249,1.892
-0.213,0.776,-0.350,-6.348,-3.784,8.179
-0.217,0.799,-0.352,-9.094,-1.648,13.184
-0.219,0.812,-0.355,-11.108,-0.244,16.663
-0.211,0.828,-0.370,-12.573,0.793,18.799
-0.215,0.854,-0.376,-13.916,0.427,19.409
-0.227,0.878,-0.365,-13.672,-1.343,17.517
-0.232,0.892,-0.375,-10.254,-2.991,13.977
-0.226,0.890,-0.372,-6.348,-4.211,9.277
-0.240,0.889,-0.355,-3.906,-5.798,5.249

-0.436,1.599,-0.655,6.409,26.306,-35.217
-0.403,1.681,-0.714,11.108,33.508,-32.776
-0.339,1.757,-0.785,15.625,40.649,-30.090
-0.244,1.831,-0.869,20.203,45.532,-27.344
-0.177,1.921,-0.941,25.513,46.570,-23.132
-0.101,2.024,-1.005,33.875,44.434,-18.372
-0.024,2.107,-1.078,45.532,43.335,-15.442
0.053,2.145,-1.154,60.364,43.030,-14.526
0.132,2.132,-1.208,76.965,41.992,-13.611
0.203,2.067,-1.224,93.079,40.283,-11.597
0.273,1.961,-1.193,107.361,38.757,-7.751
0.349,1.812,-1.138,120.361,38.879,-2.747
0.451,1.636,-1.091,130.188,40.283,1.709
0.577,1.453,-1.019,134.094,41.016,6.287
0.685,1.252,-0.929,133.545,38.574,10.498
0.769,1.037,-0.819,132.690,32.043,16.235
0.838,0.829,-0.703,131.409,23.743,24.109
0.864,0.638,-0.579,128.540,15.320,34.058
0.900,0.467,-0.473,126.038,6.470,43.518
0.942,0.294,-0.378,123.840,-0.671,47.974
0.980,0.125,-0.291,114.075,-8.911,43.274
1.002,-0.090,-0.183,101.929,-20.996,27.039
1.039,-0.292,-0.111,94.055,-38.025,11.963
1.052,-0.489,-0.068,93.079,-55.969,0.122
1.012,-0.660,0.007,88.318,-79.224,-2.930
0.939,-0.818,0.079,82.642,-98.450,-2.747
0.855,-1.009,0.118,80.872,-113.220,-7.629
0.757,-1.207,0.135,78.003,-127.014,-13.245
0.653,-1.367,0.157,70.129,-140.625,-14.648
0.550,-1.477,0.188,59.143,-153.809,-11.047
0.450,-1.536,0.203,44.006,-164.429,-5.188
0.340,-1.532,0.166,23.865,-169.495,1.038
0.228,-1.476,0.112,2.869,-172.119,5.493
0.091,-1.394,0.042,-15.503,-174.622,6.409
-0.062,-1.298,-0.027,-31.555,-178.345,4.211
-0.249,-1.195,-0.107,-45.105,-181.763,-0.610
-0.488,-1.138,-0.179,-55.359,-181.885,-7.019
-0.731,-1.085,-0.242,-66.162,-178.345,-12.817
-0.949,-1.002,-0.297,-80.811,-169.128,-15.015
-1.113,-0.888,-0.399,-97.229,-153.931,-13.855
-1.266,-0.712,-0.519,-117.554,-135.315,-8.789
-1.402,-0.469,-0.594,-141.968,-118.103,-4.028
-1.490,-0.183,-0.681,-162.964,-102.173,-3.052
-1.534,0.136,-0.814,-175.537,-86.792,-7.263
-1.545,0.472,-0.945,-182.068,-74.646,-15.259
-1.551,0.807,-1.040,-183.044,-66.589,-24.536
-1.568,1.110,-1.113,-177.246,-58.594,-32.410
-1.573,1.357,-1.174,-168.457,-46.936,-36.682
-1.557,1.554,-1.212,-161.499,-32.166,-35.889
-1.525,1.741,-1.247,-156.311,-15.320,-29.236
-1.504,1.909,-1.271,-152.161,1.160,-19.653
-1.481,2.032,-1.259,-146.606,15.747,-11.780
-1.427,2.105,-1.246,-135.925,29.541,-8.057
-1.344,2.123,-1.215,-122.437,41.687,-9.277
-1.257,2.104,-1.174,-109.741,51.636,-13.184
-1.154,2.092,-1.151,-99.182,60.303,-16.113
-1.046,2.111,-1.132,-91.614,68.604,-17.090
-0.951,2.139,-1.128,-83.496,76.172,-16.418
-0.837,2.146,-1.139,-73.242,82.520,-15.808
-0.732,2.137,-1.121,-61.707,87.158,-16.785
-0.610,2.107,-1.090,-47.668,89.600,-20.081
-0.486,2.053,-1.067,-31.982,90.637,-24.719
-0.372,1.998,-1.035,-17.578,90.088,-28.198
-0.272,1.938,-1.002,-5.737,89.233,-29.175
-0.178,1.872,-0.992,5.249,88.257,-29.480
-0.093,1.793,-0.998,15.686,86.731,-29.541
-0.034,1.706,-0.989,22.522,83.374,-29.358
0.011,1.617,-0.964,27.405,78.857,-28.931
0.050,1.551,-0.953,31.860,75.012,-27.466
-0.156,1.546,-0.942,35.767,72.388,-25.940
0.137,1.396,-0.922,35.400,69.946,-33.203
0.136,1.372,-0.974,39.307,62.744,-35.339
0.195,1.337,-0.998,43.579,60.913,-31.555
0.206,1.299,-0.972,44.373,55.664,-29.907
0.213,1.257,-0.949,46.082,50.659,-27.466
0.242,1.206,-0.930,48.340,48.584,-25.757
0.257,1.133,-0.908,51.270,46.448,-25.635
0.271,1.060,-0.880,54.749,44.373,-23.804
0.293,1.003,-0.843,58.350,42.847,-19.165
0.320,0.953,-0.829,62.134,41.748,-14.343
0.344,0.895,-0.812,64.331,40.161,-12.878
0.358,0.816,-0.778,63.904,35.950,-15.930
0.376,0.723,-0.703,62.256,27.344,-19.897
0.338,0.638,-0.632,59.326,19.897,-21.545
0.322,0.554,-0.572,58.411,15.930,-19.775
0.312,0.477,-0.509,57.190,11.902,-16.479
0.289,0.409,-0.476,54.993,8.972,-12.878
0.271,0.345,-0.447,50.720,6.287,-9.338
0.243,0.311,-0.396,43.945,2.441,-5.676
0.206,0.313,-0.354,38.757,-1.038,-1.526
0.166,0.304,-0.333,34.546,-3.113,-1.160
0.112,0.294,-0.322,30.701,-4.578,-3.174
0.073,0.296,-0.305,26.733,-5.737,-5.554
0.034,0.291,-0.293,23.560,-5.798,-7.080
0.006,0.286,-0.283,19.409,-5.066,-7.324
-0.012,0.297,-0.267,14.648,-4.028,-5.798
-0.032,0.322,-0.258,10.193,-2.808,-3.967
-0.052,0.359,-0.252,6.958,-2.014,-2.747
-0.069,0.415,-0.260,5.798,-2.014,-2.441
-0.086,0.460,-0.274,6.409,-2.502,-3.723
-0.098,0.487,-0.289,6.592,-3.174,-6.348
-0.115,0.518,-0.313,5.188,-3.418,-7.019
-0.109,0.544,-0.304,3.113,-3.174,-5.615
-0.129,0.574,-0.314,0.244,-3.723,-2.930
-0.131,0.604,-0.310,-3.601,-3.235,0.061
-0.146,0.646,-0.325,-7.568,-2.563,3.723
-0.164,0.694,-0.367,-11.230,-1.526,5.493
-0.149,0.740,-0.372,-13.428,-2.625,6.042
-0.173,0.775,-0.393,-15.625,-3.601,5.066
-0.184,0.812,-0.427,-15.930,-3.174,5.981
-0.189,0.837,-0.426,-16.235,-3.235,6.348
-0.199,0.854,-0.443,-16.602,-2.563,6.653
-0.191,0.870,-0.459,-17.700,-1.709,7.629
-0.191,0.899,-0.450,-19.226,-1.892,9.155
-0.190,0.923,-0.441,-19.287,-2.075,10.376
-0.189,0.937,-0.446,-17.822,-1.770,9.644
-0.186,0.949,-0.453,-15.869,-1.648,9.033
-0.192,0.967,-0.456,-13.794,-1.831,9.155
-0.193,0.980,-0.466,-11.292,-1.892,9.094

-0.487,1.566,-0.607,24.414,15.930,-42.908
-0.463,1.656,-0.620,33.569,22.827,-53.223
-0.384,1.722,-0.622,42.786,30.518,-64.148
-0.244,1.787,-0.628,51.514,39.185,-72.083
-0.076,1.864,-0.664,59.265,48.645,-74.463
0.105,1.925,-0.719,66.467,54.932,-72.693
0.247,1.971,-0.750,71.899,54.016,-68.787
0.344,1.980,-0.782,79.651,50.354,-59.143
0.458,1.987,-0.803,86.853,44.739,-49.255
0.540,1.908,-0.868,100.098,40.466,-40.039
0.561,1.803,-0.901,108.582,32.959,-26.428
0.578,1.682,-0.880,114.563,23.743,-10.193
0.595,1.526,-0.866,120.361,18.677,3.296
0.609,1.348,-0.829,123.596,15.625,13.611
0.625,1.173,-0.780,124.573,12.756,21.851
0.665,1.020,-0.724,124.756,9.460,29.602
0.731,0.897,-0.669,124.695,6.470,36.560
0.813,0.756,-0.612,124.268,3.967,39.551
0.901,0.613,-0.564,124.023,0.244,40.710
0.947,0.455,-0.501,124.023,-7.324,42.053
0.969,0.268,-0.415,122.620,-18.433,41.504
0.995,0.049,-0.344,119.446,-30.151,37.659
1.005,-0.162,-0.291,115.601,-44.067,33.997
0.984,-0.327,-0.183,108.826,-62.988,33.630
0.971,-0.464,-0.066,98.877,-79.956,34.058
0.979,-0.594,0.011,88.623,-90.942,32.471
0.996,-0.748,0.047,76.904,-100.952,29.602
0.980,-0.920,0.064,65.125,-110.901,27.649
0.910,-1.101,-0.013,55.420,-122.070,25.330
0.774,-1.332,-0.097,46.204,-132.751,17.578
0.599,-1.537,-0.133,35.156,-149.048,6.348
0.426,-1.730,-0.130,21.912,-164.001,-6.897
0.243,-1.863,-0.117,4.211,-173.950,-18.738
0.070,-1.910,-0.112,-16.907,-178.345,-26.001
-0.096,-1.868,-0.149,-40.955,-174.744,-29.419
-0.247,-1.750,-0.220,-67.871,-163.818,-29.907
-0.396,-1.568,-0.324,-95.825,-149.231,-26.855
-0.552,-1.348,-0.454,-121.033,-134.155,-18.372
-0.751,-1.069,-0.587,-144.165,-123.169,-5.371
-1.019,-0.744,-0.744,-161.926,-115.906,7.629
-1.325,-0.368,-0.943,-173.645,-108.093,17.639
-1.600,0.046,-1.125,-181.763,-96.191,23.499
-1.818,0.455,-1.274,-183.777,-81.726,26.611
-1.973,0.843,-1.410,-179.565,-65.552,26.611
-2.045,1.164,-1.474,-174.561,-47.729,23.132
-2.057,1.406,-1.424,-170.410,-31.799,18.494
-2.032,1.574,-1.340,-163.940,-15.991,15.137
-1.960,1.692,-1.282,-153.259,0.854,14.893
-1.834,1.785,-1.216,-145.264,16.541,16.602
-1.720,1.878,-1.137,-140.869,29.358,18.677
-1.605,1.954,-1.107,-134.399,41.626,20.508
-1.486,2.020,-1.109,-126.648,52.979,20.813
-1.439,2.062,-1.135,-116.760,60.852,18.616
-1.224,1.976,-1.010,-99.182,63.599,10.986
-1.201,2.000,-1.133,-85.632,78.369,19.531
-1.024,1.919,-1.094,-82.642,87.524,13.184
-0.941,1.855,-1.031,-80.688,87.219,9.460
-0.825,1.782,-0.959,-73.303,88.745,3.174
-0.738,1.713,-0.864,-60.608,88.806,-2.258
-0.726,1.721,-0.941,-45.654,92.957,-3.113
-0.501,1.693,-0.895,-31.860,96.191,-5.676
-0.394,1.710,-0.906,-25.696,94.727,-10.193
-0.264,1.707,-0.881,-21.545,92.529,-17.639
-0.159,1.685,-0.849,-16.602,87.219,-25.085
-0.069,1.661,-0.815,-11.047,82.214,-31.067
-0.008,1.613,-0.781,-6.897,79.346,-35.400
0.032,1.558,-0.739,-3.296,76.599,-36.987
0.061,1.539,-0.719,0.427,74.585,-34.912
0.163,1.477,-0.723,1.404,73.975,-33.203
0.186,1.468,-0.712,3.601,65.979,-32.166
0.240,1.449,-0.674,7.812,57.007,-30.029
0.243,1.419,-0.667,10.925,50.659,-31.616
0.243,1.377,-0.661,14.038,44.739,-33.081
0.237,1.336,-0.674,17.517,40.100,-30.579
0.233,1.317,-0.705,19.531,37.537,-25.024
0.205,1.320,-0.734,21.606,35.889,-16.968
0.182,1.300,-0.748,25.696,34.546,-9.827
0.130,1.304,-0.776,30.945,33.569,-4.089
0.091,1.265,-0.757,38.818,29.419,-4.822
0.061,1.184,-0.762,47.607,23.560,-10.376
0.031,1.093,-0.752,55.359,17.395,-16.296
0.003,1.010,-0.733,60.547,11.780,-18.799
0.000,0.939,-0.713,62.378,8.728,-19.043
-0.013,0.880,-0.668,58.533,6.470,-17.639
-0.048,0.817,-0.617,54.260,5.554,-15.625
-0.069,0.775,-0.583,53.528,4.089,-12.634
-0.077,0.729,-0.551,52.612,2.808,-11.230
-0.075,0.675,-0.536,51.147,1.831,-10.803
-0.071,0.629,-0.522,49.072,-0.061,-9.277
-0.070,0.575,-0.501,46.692,-3.723,-8.362
-0.072,0.523,-0.480,44.861,-8.301,-8.240
-0.080,0.482,-0.451,43.396,-13.062,-8.789
-0.089,0.440,-0.428,42.053,-17.578,-10.742
-0.109,0.394,-0.405,40.344,-21.118,-12.756
-0.134,0.345,-0.382,37.720,-23.499,-15.137
-0.156,0.301,-0.360,33.386,-24.902,-17.151
-0.172,0.269,-0.337,27.588,-24.353,-17.578
-0.179,0.251,-0.341,21.973,-21.179,-15.198
-0.187,0.254,-0.333,15.442,-17.822,-10.376
-0.183,0.277,-0.309,9.155,-15.015,-5.371
-0.178,0.295,-0.309,5.493,-11.719,-3.174
-0.162,0.313,-0.311,2.319,-9.216,-3.052
-0.146,0.336,-0.317,-0.061,-8.301,-2.747
-0.133,0.373,-0.332,-2.563,-8.667,-1.892
-0.149,0.418,-0.320,-5.981,-11.047,-1.648
-0.175,0.446,-0.313,-8.423,-13.306,-3.662
-0.194,0.458,-0.319,-10.254,-13.733,-6.592
-0.211,0.477,-0.332,-12.695,-13.245,-7.385
-0.223,0.509,-0.345,-15.808,-11.047,-5.493
-0.221,0.547,-0.363,-18.799,-7.812,-2.686
-0.212,0.586,-0.384,-21.912,-4.517,-0.610
-0.206,0.640,-0.397,-24.780,-2.197,1.831
-0.203,0.691,-0.416,-25.757,-0.427,3.418
-0.198,0.724,-0.432,-25.330,0.183,3.235
-0.192,0.746,-0.454,-24.353,-0.122,2.563
-0.181,0.760,-0.475,-23.865,-1.038,2.319
-0.180,0.784,-0.485,-24.048,-2.502,3.418
-0.172,0.818,-0.492,-24.475,-3.723,5.127
-0.174,0.853,-0.505,-24.902,-4.150,6.104

-0.669,1.327,-0.797,-10.559,13.000,-64.636
-0.609,1.461,-0.861,-5.249,20.447,-76.843
-0.504,1.582,-0.911,-0.671,27.527,-85.449
-0.390,1.699,-0.958,4.150,32.959,-90.454
-0.267,1.797,-1.001,9.521,36.133,-92.346
-0.141,1.899,-1.040,14.832,37.109,-92.285
-0.013,2.000,-1.080,22.766,35.889,-90.332
0.066,2.058,-1.100,33.752,32.349,-85.876
0.104,2.054,-1.118,46.936,29.297,-77.637
0.147,1.991,-1.119,59.692,29.297,-65.186
0.216,1.884,-1.080,70.984,31.128,-50.781
0.311,1.810,-1.052,80.872,35.522,-33.203
0.428,1.750,-1.058,92.407,39.368,-14.771
0.564,1.663,-1.081,104.919,40.649,-1.343
0.681,1.527,-1.082,115.295,36.804,8.789
0.787,1.353,-1.014,121.582,28.503,18.494
0.893,1.176,-0.924,124.817,20.081,30.334
0.984,1.002,-0.823,126.709,12.512,42.480
1.093,0.830,-0.747,128.845,5.676,53.528
1.183,0.671,-0.697,129.211,-1.648,65.369
1.227,0.531,-0.650,126.709,-12.146,77.454
1.243,0.391,-0.606,122.437,-25.452,86.914
1.240,0.226,-0.565,116.211,-38.452,92.468
1.224,0.043,-0.520,107.422,-49.683,96.985
1.202,-0.156,-0.474,94.055,-57.556,105.225
1.155,-0.317,-0.473,77.026,-61.768,118.896
1.078,-0.460,-0.442,55.176,-64.697,134.705
1.012,-0.558,-0.414,33.936,-66.406,148.254
0.945,-0.609,-0.431,21.301,-70.435,155.579
0.834,-0.687,-0.429,20.386,-85.693,149.780
0.687,-0.823,-0.373,29.480,-112.305,126.770
0.507,-1.029,-0.259,43.396,-147.949,87.036
0.300,-1.294,-0.129,55.359,-185.303,37.537
0.079,-1.562,0.004,57.007,-216.187,-6.897
-0.124,-1.779,0.124,43.457,-236.816,-36.743
-0.322,-1.908,0.211,13.062,-243.958,-49.133
-0.518,-1.908,0.223,-28.748,-236.877,-44.800
-0.713,-1.777,0.140,-74.158,-219.299,-31.006
-0.885,-1.548,-0.000,-114.136,-196.411,-17.334
-0.997,-1.299,-0.218,-141.357,-171.143,-9.521
-1.079,-1.029,-0.517,-154.480,-148.499,-7.812
-1.210,-0.757,-0.765,-162.170,-134.521,-13.611
-1.389,-0.515,-0.870,-168.884,-132.568,-27.222
-1.533,-0.325,-0.956,-168.213,-128.479,-45.410
-1.598,-0.184,-1.079,-162.781,-113.403,-60.974
-1.612,0.010,-1.210,-163.025,-92.102,-65.063
-1.616,0.268,-1.316,-171.387,-70.557,-56.702
-1.630,0.560,-1.383,-182.129,-49.072,-44.434
-1.616,0.845,-1.426,-187.134,-28.137,-33.630
-1.570,1.106,-1.466,-183.472,-8.118,-26.550
-1.484,1.329,-1.505,-174.438,10.559,-22.461
-1.391,1.514,-1.537,-163.269,27.527,-19.287
-1.312,1.660,-1.531,-150.085,40.161,-16.174
-1.229,1.730,-1.506,-135.864,49.866,-15.564
-1.156,1.740,-1.489,-122.192,59.326,-17.151
-1.188,1.713,-1.432,-109.558,66.467,-18.494
-1.063,1.706,-1.391,-95.276,73.364,-13.306
-0.986,1.717,-1.466,-87.891,89.905,-4.028
-0.860,1.659,-1.387,-88.745,92.712,-12.268
-0.812,1.685,-1.369,-81.726,97.534,-10.071
-0.718,1.740,-1.401,-70.129,102.600,-10.132
-0.569,1.686,-1.344,-55.786,97.778,-23.743
-0.490,1.594,-1.254,-38.635,86.792,-40.955
-0.448,1.579,-1.261,-19.470,85.266,-40.710
-0.378,1.548,-1.297,-3.296,87.280,-44.922
-0.288,1.437,-1.267,8.179,84.229,-56.274
-0.217,1.376,-1.210,16.235,78.857,-59.387
-0.179,1.376,-1.219,23.071,81.726,-54.138
-0.127,1.394,-1.290,29.907,89.111,-45.410
0.058,1.329,-1.244,34.119,92.529,-42.847
-0.026,1.356,-1.356,36.194,96.741,-41.443
0.064,1.288,-1.274,41.992,91.431,-49.744
0.120,1.241,-1.273,51.636,86.243,-51.636
0.157,1.215,-1.223,60.059,78.003,-55.603
0.165,1.171,-1.165,68.726,70.618,-57.434
0.175,1.096,-1.104,74.585,62.439,-57.373
0.185,1.017,-1.037,73.853,56.519,-55.725
0.193,0.955,-1.013,73.608,55.420,-51.331
0.212,0.900,-1.004,72.510,55.054,-45.593
0.240,0.844,-0.968,68.604,53.711,-40.283
0.266,0.813,-0.940,64.941,50.293,-34.912
0.276,0.800,-0.900,63.354,44.250,-32.532
0.260,0.787,-0.844,64.514,34.363,-32.837
0.244,0.747,-0.809,68.787,24.719,-36.926
0.219,0.681,-0.774,75.195,15.625,-40.588
0.204,0.617,-0.730,80.566,8.118,-40.161
0.173,0.531,-0.681,80.444,4.272,-38.818
0.141,0.459,-0.635,76.660,3.723,-34.363
0.132,0.406,-0.592,68.665,6.226,-27.039
0.116,0.368,-0.561,59.204,10.742,-19.348
0.113,0.352,-0.532,52.734,12.634,-10.864
0.108,0.350,-0.517,47.913,12.939,-4.822
0.096,0.344,-0.498,43.945,10.559,-2.625
0.085,0.350,-0.479,40.649,6.409,-2.991
0.060,0.350,-0.456,39.124,1.648,-4.822
0.034,0.347,-0.431,38.940,-3.052,-6.592
0.008,0.334,-0.409,39.063,-6.531,-7.629
-0.014,0.317,-0.393,38.635,-9.094,-7.996
-0.041,0.308,-0.372,36.377,-10.376,-6.653
-0.063,0.305,-0.349,31.372,-10.071,-4.395
-0.077,0.313,-0.333,25.269,-8.057,-1.587
-0.080,0.341,-0.328,18.555,-6.042,1.587
-0.086,0.390,-0.344,12.024,-4.944,5.615
-0.111,0.450,-0.352,6.775,-6.042,8.484
-0.135,0.494,-0.359,3.784,-7.996,8.057
-0.160,0.514,-0.373,2.075,-10.010,5.554
-0.183,0.525,-0.382,0.427,-11.475,3.845
-0.206,0.542,-0.395,-2.686,-12.146,4.028
-0.228,0.567,-0.414,-6.470,-11.780,5.737
-0.247,0.598,-0.441,-9.827,-10.559,7.935
-0.253,0.623,-0.473,-13.123,-8.911,9.949
-0.259,0.648,-0.502,-15.808,-7.446,12.085
-0.260,0.673,-0.525,-17.944,-5.981,14.221
-0.262,0.697,-0.546,-19.653,-4.639,15.381
-0.259,0.713,-0.566,-20.142,-3.479,16.174
-0.238,0.751,-0.589,-19.714,-2.380,18.066
-0.239,0.784,-0.612,-19.775,-1.892,18.982
-0.242,0.804,-0.606,-19.470,-2.869,18.066
-0.240,0.804,-0.603,-16.785,-3.845,17.700

-0.434,1.434,-0.783,11.963,10.315,-42.297
-0.379,1.541,-0.825,19.775,13.977,-46.753
-0.286,1.652,-0.868,30.518,18.982,-50.903
-0.157,1.758,-0.938,41.382,24.780,-52.795
-0.015,1.870,-0.973,47.729,28.381,-50.049
0.107,1.977,-1.017,54.688,30.029,-42.603
0.229,2.068,-1.066,62.744,29.541,-33.386
0.330,2.130,-1.103,73.242,26.794,-25.085
0.414,2.140,-1.119,86.853,21.057,-18.433
0.482,2.087,-1.118,103.271,13.733,-13.000
0.540,1.978,-1.117,119.568,6.958,-6.714
0.587,1.825,-1.112,132.080,0.916,1.526
0.606,1.665,-1.090,140.076,-5.005,12.451
0.612,1.481,-1.051,144.897,-11.108,23.804
0.635,1.284,-0.975,145.081,-17.700,32.959
0.657,1.072,-0.902,144.836,-25.452,40.649
0.667,0.862,-0.819,145.081,-34.546,45.715
0.694,0.673,-0.732,145.142,-44.556,48.523
0.746,0.478,-0.676,141.846,-52.612,51.880
0.802,0.286,-0.656,134.827,-60.364,58.167
0.844,0.086,-0.614,123.352,-69.031,65.979
0.873,-0.124,-0.548,110.657,-78.613,74.707
0.876,-0.295,-0.518,101.379,-89.172,81.970
0.850,-0.437,-0.481,95.459,-102.417,83.191
0.778,-0.573,-0.472,92.651,-117.188,77.026
0.696,-0.714,-0.434,88.745,-132.629,69.336
0.598,-0.862,-0.372,80.688,-146.118,63.538
0.469,-1.018,-0.309,69.946,-154.724,60.669
0.340,-1.169,-0.231,57.861,-161.316,58.777
0.224,-1.305,-0.144,44.373,-165.710,54.932
0.104,-1.403,-0.073,28.015,-167.969,48.645
-0.000,-1.438,-0.009,9.399,-168.945,41.382
-0.092,-1.380,0.016,-11.047,-168.884,35.217
-0.188,-1.299,0.011,-29.602,-168.213,28.748
-0.285,-1.198,-0.019,-44.373,-169.678,19.592
-0.385,-1.092,-0.062,-57.190,-171.265,8.484
-0.481,-1.002,-0.102,-68.909,-172.363,-4.639
-0.577,-0.926,-0.174,-78.247,-171.387,-16.968
-0.693,-0.849,-0.252,-90.454,-168.091,-26.428
-0.806,-0.748,-0.322,-106.140,-161.987,-30.823
-0.911,-0.631,-0.391,-122.681,-151.489,-32.104
-1.025,-0.501,-0.475,-137.878,-138.672,-33.020
-1.139,-0.345,-0.572,-151.978,-125.732,-33.569
-1.198,-0.165,-0.726,-161.133,-111.145,-32.043
-1.250,0.036,-0.919,-165.588,-96.497,-31.982
-1.366,0.298,-1.106,-167.419,-85.083,-35.645
-1.447,0.521,-1.262,-165.771,-72.144,-44.800
-1.519,0.682,-1.392,-163.757,-54.810,-54.810
-1.558,0.808,-1.451,-164.307,-35.034,-59.021
-1.544,0.905,-1.487,-161.926,-10.925,-54.443
-1.464,1.031,-1.552,-154.907,13.916,-43.335
-1.347,1.164,-1.604,-147.583,34.180,-34.180
-1.246,1.255,-1.629,-142.700,46.265,-35.461
-1.155,1.320,-1.605,-137.817,50.293,-45.227
-1.077,1.382,-1.585,-132.263,52.979,-57.617
-1.155,1.464,-1.586,-126.770,57.495,-65.979
-0.973,1.537,-1.518,-119.324,63.721,-64.758
-0.883,1.682,-1.611,-114.746,81.665,-48.340
-0.750,1.721,-1.581,-114.563,89.478,-51.636
-0.684,1.767,-1.516,-106.384,95.520,-46.387
-0.625,1.849,-1.528,-90.637,104.675,-34.668
-0.494,1.770,-1.488,-73.120,111.267,-34.424
-0.440,1.711,-1.524,-54.199,110.535,-39.185
-0.235,1.521,-1.366,-36.804,100.159,-59.082
-0.225,1.385,-1.289,-23.560,93.201,-71.533
-0.209,1.354,-1.274,-10.681,94.910,-64.819
-0.153,1.353,-1.278,-5.249,101.746,-56.396
-0.050,1.269,-1.234,0.305,106.384,-61.951
0.048,1.225,-1.170,5.859,104.858,-62.378
0.130,1.258,-1.111,9.888,105.774,-51.941
0.120,1.347,-1.230,10.132,114.075,-35.339
0.214,1.292,-1.178,11.841,107.666,-44.250
0.245,1.253,-1.157,14.099,100.281,-46.997
0.256,1.226,-1.090,18.921,90.271,-50.110
0.227,1.163,-1.058,29.053,82.581,-52.002
0.228,1.085,-1.045,40.283,75.684,-51.758
0.229,1.004,-1.012,45.044,69.763,-47.974
0.217,0.973,-1.000,44.678,66.467,-39.673
0.249,0.936,-0.974,44.556,62.683,-33.691
0.223,0.918,-0.943,42.114,56.641,-31.189
0.173,0.888,-0.955,42.419,54.688,-33.752
0.197,0.804,-0.915,48.035,47.241,-39.185
0.135,0.723,-0.870,51.819,37.415,-44.861
0.086,0.675,-0.830,53.894,32.715,-42.786
0.050,0.618,-0.783,54.077,31.738,-39.673
0.011,0.578,-0.764,53.345,34.180,-33.386
0.027,0.567,-0.745,52.979,36.926,-25.696
0.028,0.562,-0.720,49.377,37.292,-22.278
0.013,0.561,-0.687,45.471,35.889,-23.560
0.005,0.552,-0.653,44.128,32.898,-25.452
-0.004,0.531,-0.625,44.250,30.640,-27.405
-0.026,0.516,-0.596,45.715,28.137,-26.550
-0.039,0.500,-0.566,46.814,26.611,-23.743
-0.046,0.483,-0.540,47.363,26.306,-20.569
-0.052,0.476,-0.520,46.814,25.696,-17.883
-0.059,0.478,-0.512,44.922,24.841,-15.076
-0.064,0.494,-0.509,41.016,23.987,-12.268
-0.081,0.517,-0.498,36.255,22.644,-9.521
-0.108,0.543,-0.489,32.410,20.081,-8.301
-0.142,0.574,-0.491,30.212,17.334,-8.423
-0.175,0.591,-0.491,29.419,14.893,-10.071
-0.200,0.590,-0.498,29.480,13.672,-12.146
-0.221,0.583,-0.488,28.748,12.634,-13.611
-0.254,0.574,-0.470,27.344,12.451,-13.733
-0.281,0.573,-0.463,25.208,13.184,-12.573
-0.301,0.574,-0.463,22.888,14.648,-11.047
-0.305,0.578,-0.468,20.691,16.235,-9.888
-0.302,0.591,-0.480,19.043,17.212,-8.972
-0.307,0.614,-0.478,17.700,16.663,-9.216
-0.328,0.629,-0.466,17.883,14.709,-11.108
-0.364,0.626,-0.448,18.127,12.451,-15.442
-0.400,0.618,-0.436,18.494,11.475,-19.592
-0.423,0.609,-0.431,19.226,11.658,-21.484
-0.438,0.605,-0.435,18.738,13.611,-20.996
-0.442,0.595,-0.445,15.564,16.663,-20.386
-0.446,0.590,-0.449,11.353,20.020,-19.592
-0.429,0.599,-0.460,6.287,23.560,-18.799
-0.396,0.616,-0.492,2.747,28.076,-16.907
-0.355,0.644,-0.520,-0.549,31.860,-14.038

-0.695,1.113,-0.792,3.052,14.832,-40.710
-0.651,1.205,-0.824,5.615,20.142,-45.288
-0.594,1.317,-0.877,9.216,25.696,-48.828
-0.537,1.441,-0.925,13.672,30.396,-54.016
-0.462,1.569,-0.966,19.714,32.410,-60.730
-0.393,1.690,-1.033,30.334,33.691,-67.810
-0.318,1.781,-1.097,43.335,33.813,-74.097
-0.216,1.853,-1.143,58.716,33.997,-76.721
-0.097,1.904,-1.176,74.341,35.645,-75.623
0.042,1.945,-1.209,89.233,37.903,-70.007
0.180,1.979,-1.240,102.234,39.734,-59.265
0.300,2.002,-1.269,113.953,40.344,-45.166
0.400,1.990,-1.283,125.000,39.612,-31.738
0.491,1.939,-1.285,137.695,36.865,-19.714
0.567,1.842,-1.286,152.405,32.959,-8.301
0.638,1.697,-1.275,168.701,27.405,2.441
0.726,1.522,-1.256,183.899,21.973,13.855
0.870,1.325,-1.217,196.594,16.785,23.621
1.097,1.081,-1.178,205.627,10.986,31.189
1.319,0.789,-1.218,210.632,3.235,40.833
1.463,0.500,-1.225,206.238,-13.855,53.589
1.507,0.229,-1.178,192.810,-41.504,64.453
1.521,-0.036,-1.008,176.392,-75.500,66.589
1.503,-0.300,-0.866,167.725,-109.619,64.270
1.407,-0.525,-0.779,158.875,-135.193,64.087
1.252,-0.667,-0.742,136.597,-151.062,74.280
1.180,-0.822,-0.622,105.225,-165.100,86.609
0.975,-1.057,-0.515,76.721,-174.988,91.980
0.784,-1.347,-0.398,60.852,-183.105,93.689
0.619,-1.638,-0.249,55.969,-195.496,90.820
0.431,-1.913,-0.082,54.626,-213.989,74.219
0.211,-2.149,0.054,49.255,-232.910,47.424
0.021,-2.307,0.170,33.325,-248.230,21.057
-0.141,-2.360,0.247,7.141,-256.104,1.221
-0.302,-2.295,0.255,-26.917,-257.324,-11.963
-0.515,-2.088,0.218,-62.927,-252.563,-21.179
-0.700,-1.844,0.158,-96.985,-242.310,-29.846
-0.831,-1.639,0.066,-124.634,-227.783,-38.879
-0.970,-1.451,-0.155,-144.470,-210.205,-44.678
-1.149,-1.225,-0.408,-160.583,-192.749,-47.302
-1.336,-0.960,-0.668,-175.354,-175.354,-49.744
-1.483,-0.663,-0.936,-187.378,-155.640,-51.880
-1.590,-0.343,-1.191,-195.007,-135.254,-53.589
-1.678,-0.008,-1.459,-191.895,-115.417,-56.091
-1.738,0.341,-1.670,-183.777,-98.267,-60.364
-1.765,0.704,-1.800,-172.791,-83.191,-64.026
-1.735,1.081,-1.861,-157.959,-66.101,-65.735
-1.661,1.460,-1.896,-140.991,-43.091,-61.462
-1.535,1.832,-1.932,-128.052,-16.296,-52.185
-1.361,2.188,-1.972,-123.779,7.812,-39.856
-1.270,2.469,-1.995,-130.188,30.640,-28.381
-1.102,2.696,-1.931,-137.146,47.729,-21.179
-0.989,2.762,-1.564,-133.789,55.847,-12.146
-1.205,2.867,-1.833,-111.877,95.642,16.418
-0.929,2.665,-1.752,-94.788,116.211,30.701
-0.894,2.503,-1.670,-70.313,109.253,31.860
-0.750,2.274,-1.525,-50.476,106.995,30.273
-0.636,2.061,-1.363,-42.664,99.976,15.198
-0.513,1.791,-1.211,-32.898,98.145,-8.301
-0.411,1.587,-1.123,-16.602,98.022,-24.963
-0.300,1.470,-1.046,-6.714,98.083,-31.494
-0.217,1.428,-0.975,-10.071,100.220,-32.166
-0.153,1.383,-0.897,-20.203,106.995,-30.884
-0.084,1.423,-0.941,-34.119,124.512,-25.452
0.029,1.442,-1.194,-33.325,144.409,-24.597
0.283,1.262,-1.043,-16.724,121.033,-36.194
0.243,1.278,-1.004,-11.719,98.999,-38.391
0.259,1.246,-0.896,-9.888,89.111,-43.335
0.263,1.175,-0.861,-8.728,81.360,-50.171
0.214,1.059,-0.887,1.892,82.092,-54.565
0.201,0.928,-0.873,9.277,77.332,-56.091
0.189,0.831,-0.826,10.132,72.632,-52.795
0.187,0.812,-0.800,12.085,71.899,-45.959
0.192,0.791,-0.783,20.142,69.458,-41.687
0.185,0.770,-0.753,32.104,60.913,-38.574
0.180,0.758,-0.724,35.645,52.795,-35.767
0.175,0.726,-0.698,35.217,47.302,-37.048
0.160,0.702,-0.676,35.034,41.931,-38.513
0.122,0.687,-0.665,32.776,36.804,-41.138
0.093,0.691,-0.661,34.790,30.396,-42.847
0.145,0.625,-0.620,39.795,22.156,-46.814
0.099,0.588,-0.614,43.457,16.602,-47.302
0.075,0.569,-0.613,47.058,15.564,-40.527
0.067,0.559,-0.604,46.814,13.977,-33.875
0.057,0.497,-0.576,40.710,14.160,-32.410
0.030,0.472,-0.570,36.621,13.977,-28.076
0.030,0.466,-0.549,33.081,12.146,-21.790
0.016,0.473,-0.545,27.344,11.230,-16.541
-0.001,0.492,-0.556,22.522,10.864,-11.719
-0.005,0.498,-0.560,21.362,8.972,-9.094
-0.010,0.497,-0.532,18.860,5.005,-7.690
-0.053,0.477,-0.560,17.578,6.958,-7.935
-0.047,0.465,-0.561,22.461,4.822,-4.150
-0.064,0.448,-0.570,24.353,3.479,-1.343
-0.074,0.436,-0.557,22.766,2.747,0.244
-0.081,0.430,-0.551,19.531,2.380,2.747
-0.092,0.422,-0.550,15.198,2.808,4.578
-0.105,0.431,-0.549,10.193,2.930,7.019
-0.114,0.447,-0.563,5.920,2.625,8.972
-0.126,0.469,-0.568,2.136,1.465,9.644
-0.144,0.502,-0.562,-0.916,-1.160,8.850
-0.170,0.533,-0.560,-1.038,-4.089,7.690
-0.193,0.551,-0.570,0.549,-5.676,5.859
-0.216,0.554,-0.571,1.709,-6.897,4.822
-0.232,0.560,-0.567,1.831,-7.141,4.639
-0.245,0.569,-0.572,1.404,-5.920,5.432
-0.248,0.581,-0.573,-0.549,-4.700,7.202
-0.247,0.608,-0.583,-2.625,-3.296,9.705
-0.242,0.629,-0.597,-4.822,-2.258,11.292
-0.238,0.646,-0.604,-7.202,-1.709,12.085
-0.241,0.680,-0.610,-8.911,-1.892,13.000
-0.250,0.721,-0.621,-9.583,-1.831,14.160
-0.260,0.748,-0.626,-9.216,-1.953,14.160
-0.268,0.763,-0.637,-6.836,-2.441,13.489
-0.278,0.762,-0.641,-5.127,-3.052,12.390
-0.292,0.757,-0.630,-3.662,-3.662,11.108
-0.301,0.750,-0.635,-2.075,-3.235,10.315
-0.302,0.742,-0.642,-1.953,-2.136,10.071
-0.309,0.750,-0.633,-4.272,-1.160,10.132

-0.574,1.189,-0.934,-16.296,17.639,-52.917
-0.554,1.254,-1.004,-12.451,20.264,-56.580
-0.538,1.324,-1.038,-7.874,20.691,-62.622
-0.512,1.378,-1.073,0.549,20.020,-71.289
-0.487,1.410,-1.090,10.742,19.775,-81.177
-0.454,1.445,-1.078,20.447,19.897,-88.684
-0.414,1.490,-1.087,30.701,22.156,-89.294
-0.357,1.567,-1.144,39.124,27.893,-83.923
-0.279,1.626,-1.174,45.898,33.325,-81.238
-0.212,1.676,-1.206,56.702,36.560,-79.712
-0.125,1.721,-1.242,72.998,39.307,-77.271
-0.013,1.735,-1.281,92.407,40.833,-74.951
0.081,1.704,-1.308,108.826,40.649,-71.716
0.175,1.637,-1.293,119.446,38.940,-67.444
0.280,1.559,-1.268,125.793,37.354,-61.951
0.387,1.470,-1.241,130.920,36.133,-56.152
0.508,1.364,-1.218,135.437,34.180,-48.950
0.636,1.235,-1.198,137.939,33.203,-39.429
0.782,1.075,-1.124,135.864,33.875,-26.306
0.960,0.932,-1.047,133.179,37.537,-8.606
1.173,0.767,-0.968,127.930,42.542,11.780
1.394,0.628,-0.910,120.850,45.837,36.377
1.543,0.553,-0.873,117.188,42.419,64.331
1.655,0.510,-0.841,119.446,31.189,88.867
1.717,0.415,-0.880,128.845,16.113,103.760
1.716,0.250,-0.884,138.550,-3.906,107.605
1.696,0.060,-0.786,141.968,-34.058,100.342
1.619,-0.151,-0.669,149.048,-68.848,85.571
1.539,-0.378,-0.523,153.992,-103.638,66.589
1.406,-0.620,-0.446,154.785,-132.690,49.072
1.291,-0.857,-0.360,147.339,-157.715,39.978
1.141,-1.029,-0.261,124.207,-179.138,43.945
0.947,-1.207,-0.151,90.027,-190.613,46.265
0.697,-1.367,-0.105,56.824,-195.618,48.950
0.444,-1.487,-0.073,30.029,-195.984,54.749
0.230,-1.524,-0.077,6.287,-190.857,62.683
0.026,-1.505,-0.128,-13.000,-182.129,69.092
-0.131,-1.427,-0.193,-27.466,-175.964,69.641
-0.311,-1.365,-0.278,-35.828,-176.941,60.974
-0.532,-1.349,-0.374,-40.466,-186.584,41.748
-0.774,-1.361,-0.481,-44.983,-199.829,15.808
-1.059,-1.369,-0.589,-52.795,-210.571,-10.254
-1.359,-1.318,-0.685,-67.688,-212.219,-30.701
-1.631,-1.189,-0.796,-88.745,-200.317,-41.321
-1.824,-0.972,-0.908,-112.305,-174.561,-42.297
-1.976,-0.710,-1.021,-134.155,-141.296,-35.156
-2.054,-0.410,-1.054,-156.555,-107.544,-22.583
-2.028,-0.082,-1.033,-173.340,-76.843,-9.827
-1.951,0.239,-1.068,-180.115,-48.279,-2.563
-1.864,0.566,-1.100,-180.176,-26.367,-1.099
-1.789,0.891,-1.088,-177.185,-12.390,-2.502
-1.722,1.172,-1.064,-171.082,-1.770,-6.226
-1.656,1.387,-1.064,-161.438,10.254,-8.911
-1.563,1.539,-1.076,-152.405,24.902,-7.935
-1.457,1.653,-1.101,-146.790,39.917,-2.991
-1.362,1.776,-1.125,-142.273,53.833,5.493
-1.258,1.909,-1.156,-136.719,65.613,15.076
-1.180,2.024,-1.205,-128.052,75.256,22.339
-1.117,2.081,-1.242,-114.502,81.665,24.597
-1.099,2.046,-1.266,-96.069,84.656,20.752
-1.040,1.928,-1.186,-78.003,84.167,13.367
-1.038,1.803,-1.239,-58.594,98.022,12.268
-0.937,1.644,-1.219,-47.302,100.281,5.005
-0.850,1.494,-1.159,-41.809,102.173,-3.052
-0.762,1.403,-1.115,-39.795,102.722,-10.925
-0.649,1.371,-1.110,-34.485,105.591,-15.137
-0.507,1.393,-1.118,-28.503,107.544,-19.104
-0.369,1.413,-1.119,-21.973,106.079,-26.855
-0.248,1.430,-1.101,-14.648,100.891,-35.095
-0.166,1.470,-1.133,-11.292,98.083,-37.170
-0.091,1.427,-1.116,-5.493,95.764,-49.500
-0.042,1.381,-1.102,6.165,88.257,-59.021
-0.009,1.349,-1.081,16.846,84.167,-60.059
0.034,1.299,-1.038,25.757,79.346,-60.303
0.074,1.241,-1.013,28.076,74.585,-58.594
0.105,1.229,-1.013,31.860,73.303,-53.833
0.116,1.240,-1.018,37.659,69.397,-47.241
0.128,1.252,-1.012,42.786,63.721,-44.556
0.131,1.216,-0.993,44.922,56.580,-47.485
0.119,1.160,-0.985,48.523,49.194,-53.955
0.118,1.100,-0.950,52.734,39.734,-57.678
0.113,1.051,-0.923,55.481,32.959,-58.777
0.110,0.998,-0.902,58.167,28.137,-56.396
0.110,0.957,-0.875,59.753,25.513,-51.514
0.111,0.918,-0.841,61.707,23.987,-46.387
0.128,0.876,-0.826,66.284,22.888,-41.748
0.129,0.835,-0.796,69.763,19.592,-38.269
0.128,0.790,-0.739,71.960,14.282,-35.828
0.117,0.722,-0.692,71.716,10.437,-35.706
0.109,0.638,-0.655,69.763,8.850,-36.133
0.114,0.572,-0.614,68.176,6.287,-33.447
0.114,0.531,-0.571,64.331,4.517,-27.466
0.108,0.510,-0.527,58.289,2.747,-21.484
0.105,0.484,-0.497,52.368,1.038,-17.212
0.100,0.459,-0.474,47.058,-1.343,-13.977
0.077,0.441,-0.439,41.504,-3.723,-11.536
0.057,0.434,-0.411,37.598,-5.737,-9.705
0.035,0.436,-0.398,35.706,-6.958,-8.057
0.007,0.425,-0.388,33.508,-8.057,-7.507
-0.022,0.415,-0.365,30.518,-9.705,-7.690
-0.043,0.402,-0.356,28.259,-11.169,-7.812
-0.058,0.399,-0.359,26.062,-11.353,-7.019
-0.085,0.404,-0.341,22.400,-11.658,-4.883
-0.099,0.408,-0.331,19.348,-11.047,-2.869
-0.114,0.405,-0.329,15.991,-9.094,-1.770
-0.126,0.410,-0.324,10.193,-7.507,-0.732
-0.141,0.445,-0.337,3.540,-5.554,1.770
-0.150,0.496,-0.366,-1.343,-4.028,5.188
-0.166,0.546,-0.380,-5.066,-4.089,6.836
-0.188,0.590,-0.401,-6.714,-4.822,7.263
-0.203,0.620,-0.428,-6.592,-5.249,6.836
-0.218,0.642,-0.449,-6.836,-4.883,6.409
-0.226,0.662,-0.474,-7.141,-4.272,6.897
-0.233,0.689,-0.505,-7.141,-3.906,8.545
-0.254,0.721,-0.523,-7.202,-3.723,10.132
-0.269,0.737,-0.531,-5.981,-2.991,10.864
-0.276,0.741,-0.547,-4.822,-1.831,10.498
-0.281,0.733,-0.565,-4.700,-0.305,10.620
-0.288,0.726,-0.563,-6.287,0.854,11.292

0.658,1.244,-0.734,84.717,8.545,-10.254
0.769,1.184,-0.767,90.759,-0.488,-2.380
0.847,1.104,-0.766,94.666,-10.376,6.592
0.893,1.004,-0.747,97.473,-20.874,15.564
0.925,0.883,-0.731,99.854,-30.090,24.841
0.961,0.757,-0.724,100.586,-37.720,34.363
0.993,0.633,-0.702,98.328,-44.495,44.861
1.044,0.509,-0.661,93.933,-50.720,56.213
1.117,0.374,-0.614,89.478,-56.274,68.176
1.188,0.230,-0.567,84.717,-62.195,80.750
1.277,0.074,-0.500,81.604,-70.190,93.018
1.354,-0.077,-0.418,77.820,-83.191,104.309
1.399,-0.253,-0.343,71.899,-98.694,109.985
1.396,-0.460,-0.288,64.026,-116.028,109.436
1.344,-0.646,-0.298,57.434,-134.705,109.863
1.227,-0.795,-0.323,49.744,-154.663,112.122
1.066,-0.922,-0.326,39.063,-174.072,114.441
0.862,-1.056,-0.350,30.518,-188.843,113.647
0.620,-1.207,-0.402,25.940,-199.219,107.788
0.371,-1.387,-0.414,23.132,-211.487,94.604
0.109,-1.585,-0.393,19.653,-224.731,73.975
-0.188,-1.756,-0.384,10.925,-236.450,48.157
-0.495,-1.877,-0.404,-4.333,-240.601,23.071
-0.776,-1.913,-0.456,-27.710,-235.779,4.028
-1.075,-1.849,-0.583,-57.678,-221.802,-5.859
-1.356,-1.681,-0.759,-89.966,-201.416,-11.292
-1.589,-1.460,-0.977,-117.126,-178.101,-18.372
-1.790,-1.222,-1.189,-138.184,-154.541,-29.297
-1.934,-0.961,-1.381,-156.128,-131.348,-40.466
-2.044,-0.667,-1.532,-169.739,-108.765,-48.279
-2.147,-0.343,-1.609,-180.481,-88.318,-51.453
-2.208,-0.021,-1.593,-190.430,-68.054,-53.650
-2.187,0.264,-1.549,-197.815,-43.274,-56.519
-2.105,0.537,-1.541,-203.674,-15.259,-54.993
-2.026,0.834,-1.525,-210.022,10.437,-47.485
-1.932,1.159,-1.488,-214.844,33.691,-39.185
-1.789,1.464,-1.531,-215.332,56.641,-32.959
-1.638,1.746,-1.621,-211.487,75.317,-26.794
-1.767,2.016,-1.726,-202.698,85.938,-21.851
-1.459,2.223,-1.617,-184.814,87.036,-21.729
-1.397,2.358,-1.836,-163.269,110.535,-16.663
-1.221,2.367,-1.735,-149.231,109.009,-26.611
-1.345,2.438,-1.887,-124.207,120.850,-28.503
-1.123,2.426,-1.817,-96.985,119.141,-28.687
-1.114,2.370,-1.817,-71.289,120.300,-36.133
-1.010,2.245,-1.710,-50.110,117.126,-51.331
-0.872,2.116,-1.659,-30.884,118.225,-65.369
-0.747,1.996,-1.655,-14.282,120.056,-74.524
-0.636,1.923,-1.582,-4.089,118.835,-76.538
-0.477,1.875,-1.512,1.343,121.277,-74.097
-0.332,1.819,-1.498,3.723,129.150,-70.374
-0.188,1.749,-1.450,1.465,136.353,-66.772
-0.175,1.750,-1.538,7.996,144.531,-60.974
-0.006,1.638,-1.427,21.179,137.817,-63.721
-0.029,1.652,-1.432,33.569,127.808,-63.843
0.031,1.530,-1.356,43.518,119.446,-68.176
-0.087,1.437,-1.350,50.659,106.201,-81.543
-0.051,1.302,-1.292,64.941,99.854,-86.243
-0.056,1.176,-1.256,75.806,93.384,-86.304
-0.049,1.096,-1.249,83.374,91.370,-81.238
-0.025,1.047,-1.242,90.637,92.102,-74.768
0.033,1.003,-1.233,101.013,91.187,-72.144
0.115,0.972,-1.192,109.192,87.036,-70.496
0.193,0.935,-1.138,114.136,82.703,-70.679
0.266,0.895,-1.094,121.033,78.003,-68.359
0.340,0.869,-1.025,127.563,71.045,-63.416
0.402,0.834,-0.947,132.202,63.416,-58.105
0.472,0.791,-0.870,134.399,56.641,-52.979
0.539,0.739,-0.806,134.949,50.049,-46.631
0.597,0.689,-0.754,134.705,42.969,-36.926
0.656,0.659,-0.702,135.071,34.058,-23.315
0.696,0.608,-0.646,134.338,23.621,-10.742
0.716,0.543,-0.566,131.348,11.169,-3.113
0.723,0.470,-0.476,128.845,-3.540,0.488
0.709,0.408,-0.436,127.319,-18.372,3.174
0.692,0.306,-0.383,124.146,-33.997,2.686
0.670,0.180,-0.303,119.812,-52.612,3.906
0.606,0.146,-0.294,113.770,-64.697,15.381
0.581,0.071,-0.216,99.243,-75.806,23.437
0.478,-0.040,-0.187,84.229,-82.642,23.926
0.447,-0.097,-0.198,77.759,-87.646,31.250
0.431,-0.090,-0.227,70.984,-94.421,41.931
0.415,-0.078,-0.254,65.918,-102.966,48.584
0.385,-0.051,-0.262,62.622,-115.662,50.964
0.359,-0.041,-0.259,59.570,-129.517,47.791
0.312,-0.076,-0.250,56.641,-143.005,40.039
0.248,-0.116,-0.243,52.612,-153.320,35.706
0.192,-0.146,-0.264,48.889,-159.363,36.560
0.155,-0.179,-0.274,41.748,-163.757,38.452
0.106,-0.200,-0.289,30.151,-166.687,41.016
0.045,-0.208,-0.286,15.259,-169.739,42.542
-0.019,-0.215,-0.278,0.793,-173.401,40.161
-0.072,-0.237,-0.303,-9.521,-177.795,34.729
-0.133,-0.272,-0.363,-17.822,-182.983,28.198
-0.207,-0.301,-0.418,-25.635,-190.491,22.400
-0.314,-0.300,-0.446,-35.095,-199.036,17.090
-0.451,-0.271,-0.464,-45.471,-204.407,9.827
-0.635,-0.223,-0.486,-53.711,-205.872,-0.732
-0.848,-0.170,-0.523,-61.523,-202.026,-16.418
-0.991,-0.174,-0.542,-70.435,-189.941,-36.072
-1.054,-0.217,-0.588,-79.224,-171.021,-50.293
-1.055,-0.218,-0.687,-90.149,-149.414,-53.284
-1.046,-0.153,-0.794,-104.370,-129.089,-51.514
-1.039,-0.027,-0.876,-117.981,-113.403,-53.772
-1.004,0.119,-0.947,-126.282,-99.365,-61.646
-0.972,0.250,-1.059,-127.991,-84.106,-70.984
-0.945,0.375,-1.170,-128.479,-69.275,-78.247
-0.904,0.476,-1.234,-130.005,-57.373,-84.167
-0.870,0.536,-1.238,-130.432,-46.936,-90.332
-0.812,0.569,-1.215,-128.113,-36.621,-95.703
-0.752,0.614,-1.207,-125.366,-24.963,-97.900
-0.680,0.697,-1.208,-124.634,-12.390,-96.375
-0.618,0.815,-1.217,-125.000,0.916,-91.125
-0.535,0.932,-1.234,-123.840,13.428,-84.717
-0.421,0.999,-1.222,-120.422,23.621,-79.895
-0.478,1.073,-1.303,-117.188,32.898,-74.463
-0.403,1.120,-1.315,-109.497,48.096,-68.420
-0.312,1.154,-1.279,-100.708,45.959,-70.557
-0.225,1.145,-1.191,-88.501,46.753,-71.777

-0.166,1.280,-1.284,-60.120,63.965,-55.664
-0.130,1.329,-1.307,-55.481,70.679,-49.744
-0.074,1.341,-1.287,-47.729,72.693,-50.171
0.024,1.344,-1.272,-34.912,71.472,-49.316
0.072,1.373,-1.285,-23.682,71.411,-42.542
0.122,1.359,-1.229,-16.479,67.200,-38.208
0.169,1.309,-1.177,-8.240,62.805,-35.461
0.230,1.263,-1.127,1.831,59.326,-29.541
0.252,1.225,-1.072,7.019,56.824,-22.034
0.165,1.231,-1.101,4.700,61.401,-13.977
0.307,1.121,-1.001,6.042,64.697,-7.568
0.303,1.059,-0.981,2.930,60.852,-4.028
0.320,1.010,-0.942,3.662,60.242,-2.014
0.326,0.980,-0.933,10.559,57.617,1.953
0.327,0.929,-0.938,16.541,52.673,5.249
0.322,0.871,-0.901,18.372,45.593,7.019
0.312,0.807,-0.848,19.104,38.025,6.409
0.291,0.751,-0.813,21.118,31.616,4.272
0.258,0.713,-0.795,24.048,26.794,3.052
0.229,0.687,-0.780,25.574,22.705,3.052
0.203,0.663,-0.771,25.879,19.714,3.540
0.176,0.636,-0.761,24.841,17.578,4.333
0.152,0.610,-0.744,23.071,15.930,5.005
0.139,0.604,-0.733,21.423,14.526,6.409
0.118,0.601,-0.733,20.996,13.184,7.629
0.092,0.589,-0.728,21.484,10.986,6.775
0.067,0.564,-0.723,22.095,7.874,4.639
0.036,0.549,-0.725,22.034,5.005,3.235
0.007,0.537,-0.711,21.118,2.502,1.953
-0.016,0.532,-0.719,20.996,1.282,0.977
-0.033,0.528,-0.723,20.752,0.305,0.000
-0.058,0.521,-0.724,20.691,-0.732,-0.732
-0.072,0.510,-0.718,20.569,-1.282,-1.953
-0.085,0.498,-0.708,19.653,-1.038,-3.113
-0.092,0.496,-0.707,18.677,0.427,-2.014
-0.093,0.499,-0.718,17.944,2.441,0.183
-0.089,0.498,-0.725,17.395,3.540,2.197
-0.092,0.495,-0.725,16.296,2.991,3.052
-0.101,0.482,-0.721,15.564,1.892,2.686
-0.113,0.474,-0.717,14.221,0.488,2.136
-0.128,0.472,-0.716,12.512,-0.305,2.563
-0.135,0.473,-0.716,10.681,-0.061,3.235
-0.138,0.483,-0.725,8.545,0.732,4.333
-0.139,0.495,-0.725,6.775,1.221,5.005
-0.138,0.505,-0.731,5.554,1.343,5.005
-0.134,0.513,-0.727,5.066,1.709,4.822
-0.131,0.516,-0.732,4.761,2.014,4.700
-0.130,0.526,-0.729,3.540,2.686,5.310
-0.135,0.545,-0.725,2.197,3.418,6.104
-0.132,0.554,-0.727,2.136,4.578,6.470
-0.134,0.559,-0.736,1.709,5.310,6.409
-0.130,0.568,-0.742,0.854,5.371,6.714
-0.130,0.580,-0.743,0.061,5.310,7.507
-0.132,0.605,-0.753,-0.549,5.249,8.423
-0.137,0.622,-0.761,0.183,5.310,8.301
-0.145,0.629,-0.766,1.648,4.883,7.202
-0.151,0.624,-0.765,3.235,4.517,5.859
-0.157,0.615,-0.756,3.906,4.639,4.883
-0.156,0.614,-0.760,4.700,5.554,4.761
-0.155,0.617,-0.762,4.700,5.920,5.188
-0.154,0.619,-0.764,3.967,6.531,5.310
-0.156,0.618,-0.765,2.930,6.714,4.883
-0.154,0.618,-0.757,1.709,6.470,4.150
-0.155,0.623,-0.751,0.488,6.409,3.296
-0.153,0.634,-0.752,-0.366,6.958,3.235
-0.147,0.651,-0.762,-0.427,7.690,4.211
-0.137,0.657,-0.765,0.427,7.568,4.456
-0.137,0.658,-0.758,1.587,5.798,3.479
-0.144,0.649,-0.754,2.930,3.845,1.465
-0.156,0.634,-0.745,3.723,2.441,0.183
-0.165,0.625,-0.741,3.967,2.258,0.244
-0.166,0.625,-0.746,3.540,3.845,1.099
-0.158,0.634,-0.750,3.235,5.066,1.953
-0.153,0.638,-0.757,3.357,5.554,2.380
-0.150,0.634,-0.762,3.662,5.493,2.380
-0.152,0.628,-0.756,3.540,4.639,1.587
-0.156,0.620,-0.752,3.784,3.906,1.221
-0.158,0.615,-0.749,3.906,3.906,1.282
-0.156,0.612,-0.754,3.845,3.906,1.587
-0.158,0.607,-0.752,3.357,3.601,2.014
-0.158,0.609,-0.750,2.808,2.930,2.075
-0.164,0.607,-0.749,2.686,2.441,1.770
-0.172,0.605,-0.743,2.563,2.136,1.465
-0.173,0.597,-0.748,2.747,2.625,1.953
-0.169,0.599,-0.753,2.258,3.418,3.113
-0.171,0.613,-0.750,1.526,3.296,3.540
-0.172,0.619,-0.749,2.563,2.686,2.563
-0.178,0.612,-0.749,4.150,1.953,0.854
-0.181,0.605,-0.746,5.432,1.953,0.427
-0.182,0.599,-0.741,5.554,2.563,0.854
-0.178,0.594,-0.746,5.188,3.601,1.343
-0.171,0.592,-0.739,4.272,4.089,2.075
-0.172,0.593,-0.732,3.174,4.211,2.686
-0.171,0.593,-0.732,2.319,3.906,2.258
-0.175,0.590,-0.731,1.770,3.174,1.648
-0.182,0.589,-0.729,1.648,2.258,1.099
-0.193,0.592,-0.727,1.526,1.953,0.549
-0.195,0.597,-0.733,1.648,2.197,0.488
-0.194,0.598,-0.741,1.831,2.991,0.549
-0.188,0.608,-0.747,1.770,3.296,0.793
-0.192,0.614,-0.748,1.953,2.930,0.305
-0.195,0.617,-0.748,2.930,2.441,-0.488
-0.199,0.612,-0.749,3.906,2.258,-1.404
-0.203,0.603,-0.742,4.272,2.075,-2.258
-0.208,0.599,-0.740,4.333,2.319,-2.625
-0.214,0.596,-0.744,3.845,3.052,-2.991
-0.220,0.598,-0.747,3.113,3.479,-3.113
-0.225,0.600,-0.750,2.319,3.784,-3.357
-0.239,0.601,-0.746,1.160,3.540,-4.211
-0.262,0.609,-0.744,0.122,3.052,-5.859
-0.297,0.625,-0.745,-0.610,3.052,-7.690
-0.335,0.645,-0.744,-0.793,3.052,-10.193
-0.383,0.669,-0.756,0.488,3.540,-13.184
-0.438,0.689,-0.777,2.197,3.845,-17.578
-0.499,0.722,-0.812,3.601,3.540,-23.926
-0.569,0.751,-0.861,5.371,2.747,-31.799
-0.652,0.781,-0.932,7.446,2.991,-40.405
-0.744,0.829,-0.999,8.301,4.700,-49.255
-0.846,0.897,-1.051,8.301,7.751,-57.678

-1.015,1.112,-1.172,7.812,21.912,-73.975
-1.044,1.266,-1.231,9.216,34.119,-80.078
-1.014,1.452,-1.332,13.123,49.622,-83.923
-0.953,1.654,-1.428,18.311,63.965,-86.670
-0.871,1.844,-1.482,26.611,73.059,-90.454
-0.787,1.975,-1.516,40.771,77.332,-96.436
-0.685,2.042,-1.521,60.181,79.529,-104.248
-0.548,2.066,-1.550,86.792,82.458,-110.352
-0.364,2.057,-1.554,114.441,83.557,-112.366
-0.204,2.036,-1.519,128.723,84.778,-110.168
-0.023,2.000,-1.506,140.503,88.013,-104.248
0.148,1.929,-1.493,152.832,91.187,-95.581
0.328,1.818,-1.461,165.710,92.468,-86.548
0.558,1.648,-1.419,178.162,91.553,-78.125
0.819,1.431,-1.365,183.472,90.149,-66.345
1.069,1.197,-1.270,177.734,88.684,-45.349
1.317,0.970,-1.134,162.903,87.646,-15.320
1.539,0.785,-1.016,145.874,86.975,19.348
1.672,0.669,-0.945,133.484,80.627,50.598
1.744,0.524,-0.891,132.629,61.768,65.002
1.771,0.339,-0.837,137.817,34.912,63.538
1.779,0.153,-0.785,142.700,5.859,58.960
1.775,0.023,-0.757,146.606,-20.813,62.012
1.747,-0.125,-0.707,149.902,-44.739,69.763
1.715,-0.329,-0.663,151.733,-65.613,75.317
1.669,-0.560,-0.643,150.818,-84.106,79.285
1.588,-0.762,-0.609,143.372,-102.661,83.374
1.460,-0.925,-0.585,130.188,-120.117,87.280
1.280,-1.050,-0.591,115.173,-134.644,89.722
1.077,-1.143,-0.593,100.037,-145.508,90.820
0.883,-1.224,-0.534,82.886,-155.090,90.759
0.689,-1.308,-0.452,62.988,-158.936,87.646
0.537,-1.331,-0.360,40.527,-158.020,84.045
0.382,-1.273,-0.331,20.874,-154.785,80.627
0.259,-1.226,-0.241,7.141,-155.396,70.984
0.177,-1.209,-0.148,-1.587,-158.325,54.932
0.103,-1.231,-0.066,-8.362,-162.964,39.368
-0.019,-1.254,-0.006,-19.043,-169.189,29.602
-0.202,-1.239,0.007,-34.973,-174.011,26.062
-0.397,-1.201,-0.075,-52.856,-174.561,26.306
-0.620,-1.135,-0.203,-71.594,-172.424,28.320
-0.904,-1.056,-0.323,-89.600,-172.546,28.076
-1.176,-0.970,-0.413,-105.530,-173.645,23.499
-1.436,-0.858,-0.503,-118.835,-172.546,16.357
-1.711,-0.707,-0.578,-129.456,-167.175,10.376
-1.942,-0.544,-0.680,-137.756,-153.992,5.737
-2.086,-0.399,-0.795,-144.592,-132.690,2.563
-2.143,-0.234,-0.917,-152.283,-106.934,2.441
-2.158,-0.016,-1.025,-161.926,-80.200,6.042
-2.122,0.230,-1.102,-172.546,-55.603,9.521
-2.053,0.485,-1.180,-179.260,-33.691,11.169
-1.995,0.717,-1.250,-180.237,-16.052,9.949
-1.943,0.905,-1.299,-175.659,-3.479,4.028
-1.874,1.034,-1.335,-166.382,7.202,-5.737
-1.787,1.126,-1.352,-155.457,17.639,-17.151
-1.674,1.200,-1.373,-145.203,28.198,-27.100
-1.548,1.279,-1.412,-137.390,40.039,-33.691
-1.399,1.349,-1.436,-133.301,51.514,-38.940
-1.243,1.429,-1.463,-129.272,61.401,-43.335
-1.083,1.509,-1.474,-123.169,69.458,-46.753
-0.926,1.561,-1.486,-114.990,76.660,-50.110
-0.796,1.581,-1.478,-105.103,82.458,-51.819
-0.701,1.579,-1.443,-93.689,85.938,-51.636
-0.589,1.554,-1.405,-79.712,89.722,-52.368
-0.491,1.495,-1.398,-63.782,93.872,-53.528
-0.393,1.441,-1.378,-50.232,95.581,-54.321
-0.287,1.401,-1.338,-39.551,94.116,-56.580
-0.188,1.371,-1.307,-29.785,90.393,-59.448
-0.115,1.342,-1.263,-22.339,85.632,-62.378
-0.054,1.318,-1.204,-16.296,80.322,-63.660
0.009,1.304,-1.188,-9.155,76.965,-62.622
0.066,1.313,-1.195,-0.916,74.768,-57.617
0.095,1.341,-1.176,5.920,70.251,-54.138
0.116,1.321,-1.108,12.329,63.232,-57.861
0.089,1.247,-1.079,21.729,57.129,-63.660
0.047,1.202,-1.071,33.691,55.176,-60.425
0.052,1.176,-1.061,40.894,55.847,-50.110
0.102,1.097,-1.064,42.175,60.120,-42.786
0.151,1.023,-1.085,45.410,59.509,-42.236
0.197,1.004,-1.083,48.584,52.246,-38.025
0.190,0.949,-1.044,49.500,43.518,-40.100
0.181,0.853,-0.981,52.185,33.630,-43.274
0.158,0.801,-0.956,55.908,26.489,-41.016
0.152,0.752,-0.910,54.993,20.813,-36.865
0.137,0.701,-0.863,51.514,16.235,-33.875
0.125,0.656,-0.818,48.706,12.390,-30.090
0.087,0.625,-0.805,47.241,11.597,-26.001
0.065,0.600,-0.765,48.096,10.498,-21.423
0.053,0.562,-0.732,48.218,9.888,-18.616
0.034,0.529,-0.695,44.922,11.047,-17.029
0.029,0.496,-0.664,41.870,11.658,-16.602
0.035,0.469,-0.657,40.405,11.719,-14.648
0.044,0.480,-0.649,39.063,9.888,-11.841
0.038,0.483,-0.624,39.063,5.005,-11.353
0.028,0.453,-0.594,41.138,-0.549,-14.099
0.013,0.412,-0.558,42.236,-5.737,-16.296
-0.005,0.384,-0.518,39.612,-9.583,-15.930
-0.026,0.366,-0.489,33.997,-10.498,-13.245
-0.054,0.365,-0.478,27.283,-8.972,-8.850
-0.082,0.378,-0.474,19.897,-5.859,-4.150
-0.099,0.398,-0.473,13.977,-1.282,0.000
-0.108,0.423,-0.493,10.010,3.479,4.883
-0.106,0.453,-0.511,6.836,6.958,9.033
-0.109,0.487,-0.534,3.906,8.118,11.047
-0.125,0.520,-0.542,2.502,6.226,10.010
-0.146,0.535,-0.548,3.845,2.319,6.165
-0.168,0.524,-0.552,6.348,-1.343,2.319
-0.193,0.508,-0.554,7.385,-3.906,0.671
-0.220,0.509,-0.554,5.798,-4.395,1.526
-0.238,0.519,-0.562,2.686,-2.808,3.418
-0.244,0.534,-0.575,-1.465,0.183,5.859
-0.248,0.564,-0.594,-5.981,2.747,8.911
-0.249,0.595,-0.615,-9.094,4.944,11.597
-0.248,0.627,-0.638,-10.315,6.470,13.428
-0.255,0.652,-0.651,-10.254,6.836,14.404
-0.261,0.660,-0.662,-8.850,6.714,14.526
-0.260,0.667,-0.674,-6.592,6.531,14.954
-0.261,0.672,-0.683,-5.127,6.409,15.076
-0.265,0.675,-0.676,-3.784,5.676,14.587

-0.484,1.550,-0.840,-4.211,-2.808,-49.011
-0.413,1.802,-0.920,3.357,3.113,-56.213
-0.306,2.052,-1.112,17.578,14.404,-60.242
-0.114,2.269,-1.266,30.518,26.489,-56.152
0.087,2.463,-1.410,44.006,36.987,-44.128
0.310,2.630,-1.544,60.242,42.786,-26.611
0.522,2.724,-1.679,75.317,44.373,-9.583
0.701,2.746,-1.786,90.088,39.856,4.395
0.875,2.699,-1.888,110.718,31.189,16.724
1.046,2.545,-1.930,136.169,20.630,25.391
1.230,2.223,-1.855,161.926,7.690,31.006
1.415,1.793,-1.734,182.800,-4.517,40.466
1.586,1.314,-1.552,190.857,-17.944,58.167
1.714,0.838,-1.344,185.791,-33.691,81.604
1.734,0.412,-1.219,175.598,-47.424,108.948
1.657,-0.049,-1.114,161.377,-58.594,133.728
1.527,-0.534,-0.969,143.921,-70.984,151.367
1.362,-0.983,-0.800,125.732,-83.191,162.720
1.189,-1.327,-0.648,113.770,-95.459,167.175
1.009,-1.581,-0.537,112.305,-112.915,159.241
0.776,-1.910,-0.342,122.192,-145.813,125.549
0.528,-2.339,-0.043,133.484,-194.885,64.026
0.263,-2.737,0.192,135.498,-238.220,-0.732
0.036,-3.009,0.337,119.019,-263.184,-44.067
-0.148,-3.060,0.397,77.209,-268.005,-57.556
-0.280,-2.883,0.383,18.860,-255.798,-47.119
-0.406,-2.570,0.307,-41.077,-234.619,-28.748
-0.582,-2.217,0.200,-93.384,-211.060,-12.756
-0.782,-1.821,-0.007,-130.615,-186.523,-0.244
-0.992,-1.421,-0.320,-149.841,-162.354,7.812
-1.227,-1.074,-0.673,-155.518,-147.339,8.789
-1.469,-0.768,-0.952,-156.860,-143.066,3.052
-1.683,-0.500,-1.131,-156.189,-143.250,-7.629
-1.854,-0.277,-1.204,-155.579,-139.282,-21.240
-1.960,-0.071,-1.201,-159.058,-127.014,-30.701
-1.956,0.143,-1.205,-165.771,-102.966,-31.128
-1.878,0.389,-1.254,-174.927,-71.472,-21.790
-1.758,0.678,-1.317,-183.289,-41.443,-7.507
-1.637,0.973,-1.396,-187.866,-17.761,3.906
-1.558,1.260,-1.455,-186.890,-2.808,9.399
-1.497,1.466,-1.499,-178.894,4.517,7.202
-1.452,1.563,-1.530,-164.307,9.521,-1.160
-1.400,1.574,-1.540,-145.081,14.160,-12.207
-1.339,1.548,-1.546,-127.991,21.667,-20.569
-1.265,1.540,-1.550,-118.286,32.532,-21.729
-1.193,1.562,-1.542,-112.793,45.410,-18.066
-1.112,1.589,-1.540,-106.384,57.861,-14.954
-0.991,1.586,-1.555,-97.107,68.054,-15.625
-0.886,1.521,-1.502,-85.693,73.853,-19.897
-0.854,1.571,-1.569,-71.594,80.688,-20.508
-0.691,1.450,-1.500,-63.171,80.994,-32.837
-0.649,1.343,-1.445,-54.749,77.087,-46.692
-0.553,1.304,-1.411,-42.419,77.393,-50.964
-0.461,1.335,-1.391,-30.334,75.439,-48.828
-0.405,1.306,-1.374,-21.484,77.759,-53.345
-0.327,1.262,-1.349,-11.047,79.407,-58.228
-0.248,1.240,-1.330,-0.977,80.933,-58.960
-0.016,1.171,-1.300,7.263,81.604,-60.913
-0.149,1.222,-1.328,12.451,80.811,-63.538
-0.075,1.143,-1.193,22.766,70.435,-78.613
-0.070,1.078,-1.173,37.476,61.401,-83.679
-0.057,0.962,-1.109,50.842,52.856,-91.553
-0.061,0.818,-1.030,57.861,46.753,-97.351
-0.032,0.710,-0.945,58.472,43.274,-101.990
0.053,0.679,-0.923,54.749,45.288,-98.633
0.112,0.731,-0.950,48.096,47.974,-91.187
0.160,0.836,-0.925,44.983,45.227,-80.383
0.166,0.907,-0.901,47.974,40.222,-74.951
0.166,0.902,-0.902,56.030,35.828,-75.684
0.175,0.842,-0.885,65.613,29.480,-77.637
0.177,0.750,-0.841,71.411,23.621,-77.942
0.169,0.664,-0.798,71.655,19.348,-75.134
0.172,0.590,-0.769,68.359,18.250,-68.298
0.166,0.586,-0.752,62.256,18.005,-58.044
0.141,0.602,-0.752,57.800,17.944,-48.462
0.137,0.593,-0.752,58.777,16.418,-42.114
0.121,0.576,-0.734,59.570,12.695,-39.551
0.103,0.528,-0.707,57.861,8.606,-40.039
0.086,0.465,-0.666,56.152,4.700,-40.894
0.065,0.423,-0.634,51.025,2.258,-38.391
0.057,0.417,-0.625,44.189,2.869,-32.532
0.045,0.439,-0.615,37.659,4.150,-24.902
0.029,0.450,-0.594,32.593,6.104,-18.799
0.017,0.453,-0.583,29.663,8.118,-14.771
0.009,0.455,-0.579,27.832,10.559,-11.230
-0.001,0.464,-0.571,25.208,12.756,-7.629
-0.001,0.475,-0.572,22.461,14.832,-4.517
0.004,0.510,-0.582,19.287,15.930,-2.319
0.003,0.553,-0.595,17.883,14.648,-1.404
-0.001,0.568,-0.596,18.494,11.108,-2.869
-0.017,0.559,-0.591,19.409,7.019,-5.554
-0.041,0.544,-0.581,19.470,4.150,-7.629
-0.058,0.530,-0.578,18.738,4.211,-7.690
-0.058,0.516,-0.582,16.235,6.836,-4.822
-0.048,0.525,-0.583,11.536,9.705,-0.549
-0.041,0.549,-0.585,6.775,11.719,3.479
-0.048,0.565,-0.600,3.662,12.756,6.226
-0.041,0.598,-0.614,2.502,12.085,7.935
-0.053,0.624,-0.620,1.404,9.399,8.118
-0.067,0.638,-0.632,1.526,6.592,6.897
-0.082,0.642,-0.630,3.174,3.418,5.249
-0.102,0.636,-0.622,5.493,0.366,3.906
-0.120,0.621,-0.617,7.141,-1.282,3.418
-0.127,0.605,-0.606,6.409,-1.587,3.235
-0.135,0.607,-0.601,3.723,-0.610,4.089
-0.137,0.623,-0.605,0.427,1.099,5.798
-0.128,0.652,-0.611,-2.502,2.197,7.751
-0.125,0.685,-0.612,-4.639,2.380,9.155
-0.136,0.714,-0.617,-4.456,2.136,10.010
-0.150,0.739,-0.620,-3.540,1.404,10.071
-0.161,0.739,-0.620,-1.953,0.671,8.789
-0.170,0.734,-0.621,0.366,-0.366,7.385
-0.176,0.730,-0.621,1.526,-1.099,6.531
-0.184,0.738,-0.622,1.831,-1.282,6.470
-0.195,0.745,-0.619,2.502,-1.648,6.409
-0.210,0.744,-0.616,2.686,-2.258,5.432
-0.229,0.746,-0.607,2.136,-2.686,4.395
-0.248,0.749,-0.605,1.343,-2.441,3.784
-0.262,0.751,-0.607,0.610,-1.831,2.930
